-- --------------------------------------------------------
-- Host:                         127.0.0.1
-- Versión del servidor:         10.1.16-MariaDB - mariadb.org binary distribution
-- SO del servidor:              Win32
-- HeidiSQL Versión:             9.3.0.4984
-- --------------------------------------------------------

/*!40101 SET @OLD_CHARACTER_SET_CLIENT=@@CHARACTER_SET_CLIENT */;
/*!40101 SET NAMES utf8mb4 */;
/*!40014 SET @OLD_FOREIGN_KEY_CHECKS=@@FOREIGN_KEY_CHECKS, FOREIGN_KEY_CHECKS=0 */;
/*!40101 SET @OLD_SQL_MODE=@@SQL_MODE, SQL_MODE='NO_AUTO_VALUE_ON_ZERO' */;

-- Volcando estructura de base de datos para fundacite_opsu
CREATE DATABASE IF NOT EXISTS `fundacite_opsu` /*!40100 DEFAULT CHARACTER SET utf8 COLLATE utf8_bin */;
USE `fundacite_opsu`;


-- Volcando estructura para tabla fundacite_opsu.m_menu_emp_menj
CREATE TABLE IF NOT EXISTS `m_menu_emp_menj` (
  `id` int(11) NOT NULL AUTO_INCREMENT,
  `ConexMenuMaster` int(11) DEFAULT NULL,
  `orden` int(11) DEFAULT NULL,
  `menu` varchar(250) COLLATE utf8_unicode_ci DEFAULT NULL,
  `conex` varchar(250) COLLATE utf8_unicode_ci DEFAULT NULL,
  `funcion` varchar(100) COLLATE utf8_unicode_ci DEFAULT NULL,
  `Imagen` varchar(80) COLLATE utf8_unicode_ci NOT NULL,
  `ancho` char(2) COLLATE utf8_unicode_ci DEFAULT NULL,
  `alto` char(2) COLLATE utf8_unicode_ci DEFAULT NULL,
  `nivel` text COLLATE utf8_unicode_ci,
  `CA` char(2) COLLATE utf8_unicode_ci DEFAULT NULL,
  `CAdmin` char(2) COLLATE utf8_unicode_ci DEFAULT NULL,
  PRIMARY KEY (`id`),
  KEY `orden` (`orden`)
) ENGINE=InnoDB AUTO_INCREMENT=58 DEFAULT CHARSET=utf8 COLLATE=utf8_unicode_ci;

-- Volcando datos para la tabla fundacite_opsu.m_menu_emp_menj: ~3 rows (aproximadamente)
DELETE FROM `m_menu_emp_menj`;
/*!40000 ALTER TABLE `m_menu_emp_menj` DISABLE KEYS */;
INSERT INTO `m_menu_emp_menj` (`id`, `ConexMenuMaster`, `orden`, `menu`, `conex`, `funcion`, `Imagen`, `ancho`, `alto`, `nivel`, `CA`, `CAdmin`) VALUES
	(54, NULL, NULL, 'Administrador', 'menu.php', NULL, '', NULL, NULL, NULL, NULL, NULL),
	(55, NULL, NULL, 'Configuración', NULL, NULL, '', NULL, NULL, NULL, NULL, NULL),
	(56, NULL, NULL, 'Administrar casos', NULL, NULL, '', NULL, NULL, NULL, NULL, NULL),
	(57, NULL, NULL, 'Casos', NULL, NULL, '', NULL, NULL, NULL, NULL, NULL);
/*!40000 ALTER TABLE `m_menu_emp_menj` ENABLE KEYS */;


-- Volcando estructura para tabla fundacite_opsu.m_menu_emp_sub_menj
CREATE TABLE IF NOT EXISTS `m_menu_emp_sub_menj` (
  `id` int(11) NOT NULL AUTO_INCREMENT,
  `enlace` int(11) NOT NULL DEFAULT '0',
  `enlacesub` char(3) DEFAULT NULL,
  `Act` char(1) DEFAULT NULL,
  `orden` int(11) DEFAULT NULL,
  `menu` varchar(250) DEFAULT NULL,
  `conex` varchar(250) DEFAULT NULL,
  `Url_1` varchar(100) NOT NULL,
  `Url_2` varchar(100) NOT NULL,
  `Url_3` varchar(100) NOT NULL,
  `Url_4` varchar(80) CHARACTER SET utf8 COLLATE utf8_unicode_ci NOT NULL,
  `Url_5` varchar(100) NOT NULL,
  `Url_6` varchar(100) DEFAULT NULL,
  `Url_7` varchar(100) DEFAULT NULL,
  `Url_8` varchar(100) DEFAULT NULL,
  `Url_9` varchar(100) DEFAULT NULL,
  `Url_10` varchar(100) DEFAULT NULL,
  `Inserte` varchar(100) CHARACTER SET utf8 COLLATE utf8_unicode_ci NOT NULL,
  `Updated` varchar(100) CHARACTER SET utf8 COLLATE utf8_unicode_ci NOT NULL,
  `Deleted` varchar(100) CHARACTER SET utf8 COLLATE utf8_unicode_ci NOT NULL,
  `Acciones` varchar(80) NOT NULL,
  `Ejecutar` varchar(80) CHARACTER SET utf8 COLLATE utf8_unicode_ci NOT NULL,
  `conexd` varchar(200) DEFAULT NULL,
  `funcion` varchar(100) DEFAULT NULL,
  `nivel` text,
  `CA` char(2) DEFAULT NULL,
  `CAdmin` int(1) DEFAULT NULL,
  `CssColor` varchar(50) NOT NULL,
  `CssImagen` varchar(50) NOT NULL,
  PRIMARY KEY (`id`),
  KEY `enlace` (`enlace`),
  CONSTRAINT `m_menu_emp_sub_menj_ibfk_1` FOREIGN KEY (`enlace`) REFERENCES `m_menu_emp_menj` (`id`) ON DELETE CASCADE ON UPDATE CASCADE
) ENGINE=InnoDB AUTO_INCREMENT=13 DEFAULT CHARSET=utf8;

-- Volcando datos para la tabla fundacite_opsu.m_menu_emp_sub_menj: ~9 rows (aproximadamente)
DELETE FROM `m_menu_emp_sub_menj`;
/*!40000 ALTER TABLE `m_menu_emp_sub_menj` DISABLE KEYS */;
INSERT INTO `m_menu_emp_sub_menj` (`id`, `enlace`, `enlacesub`, `Act`, `orden`, `menu`, `conex`, `Url_1`, `Url_2`, `Url_3`, `Url_4`, `Url_5`, `Url_6`, `Url_7`, `Url_8`, `Url_9`, `Url_10`, `Inserte`, `Updated`, `Deleted`, `Acciones`, `Ejecutar`, `conexd`, `funcion`, `nivel`, `CA`, `CAdmin`, `CssColor`, `CssImagen`) VALUES
	(1, 54, NULL, NULL, NULL, 'Usuarios', 'menu.php', 'conf_usuario/crear_usuario.php', '', '', '', '', NULL, NULL, NULL, NULL, NULL, '', '', '', '', '', NULL, NULL, NULL, NULL, NULL, '', ''),
	(2, 54, NULL, NULL, NULL, 'Administrar Perfiles', 'menu.php', 'admin_perfil/conf_perfil.php', 'admin_perfil/conf_menu_list.php', 'admin_perfil/conf_menu_accion.php', '', '', NULL, NULL, NULL, NULL, NULL, '', '', '', '', '', NULL, NULL, NULL, NULL, NULL, '', ''),
	(3, 55, NULL, NULL, NULL, 'Planteles', NULL, 'sistema/plantel/plantel.php', '', '', '', '', NULL, NULL, NULL, NULL, 'sistema/plantel/recargar.php', '', '', '', '', '', NULL, NULL, NULL, NULL, NULL, '', ''),
	(4, 56, NULL, NULL, NULL, 'Eliminación', NULL, 'sistema/eliminacion/elimina.php', '', '', '', '', NULL, NULL, NULL, NULL, NULL, '', '', '', '', '', NULL, NULL, NULL, NULL, NULL, '', ''),
	(5, 56, NULL, NULL, NULL, 'Desbloqueo', NULL, 'sistema/desbloqueo/desblo.php', '', '', '', '', NULL, NULL, NULL, NULL, NULL, '', '', '', '', '', NULL, NULL, NULL, NULL, NULL, '', ''),
	(6, 56, NULL, NULL, NULL, 'Renuncia', NULL, 'sistema/renuncia/renuncia.php', '', '', '', '', NULL, NULL, NULL, NULL, NULL, '', '', '', '', '', NULL, NULL, NULL, NULL, NULL, '', ''),
	(8, 55, NULL, NULL, NULL, 'Personal', NULL, 'sistema/personal/personal.php', '', '', '', '', NULL, NULL, NULL, NULL, NULL, '', '', '', '', '', NULL, NULL, NULL, NULL, NULL, '', ''),
	(9, 57, NULL, NULL, NULL, 'Eliminación', NULL, 'sistema/plantel/eliminacion/elimina.php', '', '', '', '', NULL, NULL, NULL, NULL, 'sistema/plantel/eliminacion/recargar.php', '', '', '', '', '', NULL, NULL, NULL, NULL, NULL, '', ''),
	(11, 57, NULL, NULL, NULL, 'Desbloqueo', NULL, 'sistema/plantel/desbloqueo/desblo.php', '', '', '', '', NULL, NULL, NULL, NULL, 'sistema/plantel/desbloqueo/recargar.php', '', '', '', '', '', NULL, NULL, NULL, NULL, NULL, '', ''),
	(12, 57, NULL, NULL, NULL, 'Renuncia', NULL, 'sistema/plantel/renuncia/renuncia.php', '', '', '', '', NULL, NULL, NULL, NULL, NULL, '', '', '', '', '', NULL, NULL, NULL, NULL, NULL, '', '');
/*!40000 ALTER TABLE `m_menu_emp_sub_menj` ENABLE KEYS */;


-- Volcando estructura para tabla fundacite_opsu.perfiles
CREATE TABLE IF NOT EXISTS `perfiles` (
  `CodPerfil` int(11) NOT NULL,
  `Nombre` varchar(100) COLLATE utf8_unicode_ci NOT NULL,
  PRIMARY KEY (`CodPerfil`),
  UNIQUE KEY `Nombre` (`Nombre`)
) ENGINE=InnoDB DEFAULT CHARSET=utf8 COLLATE=utf8_unicode_ci;

-- Volcando datos para la tabla fundacite_opsu.perfiles: ~4 rows (aproximadamente)
DELETE FROM `perfiles`;
/*!40000 ALTER TABLE `perfiles` DISABLE KEYS */;
INSERT INTO `perfiles` (`CodPerfil`, `Nombre`) VALUES
	(1, 'Administrador'),
	(2, 'god'),
	(4, 'operador'),
	(3, 'plantel');
/*!40000 ALTER TABLE `perfiles` ENABLE KEYS */;


-- Volcando estructura para tabla fundacite_opsu.perfiles_det
CREATE TABLE IF NOT EXISTS `perfiles_det` (
  `id` int(11) NOT NULL AUTO_INCREMENT,
  `IdPerfil` int(11) NOT NULL DEFAULT '0',
  `Submenu` int(11) NOT NULL DEFAULT '0',
  `Menu` int(11) NOT NULL DEFAULT '0',
  `S` tinyint(4) NOT NULL,
  `U` tinyint(4) NOT NULL,
  `D` tinyint(4) NOT NULL,
  `I` tinyint(4) NOT NULL,
  `P` tinyint(4) NOT NULL,
  PRIMARY KEY (`id`),
  UNIQUE KEY `IdPerfil_2` (`IdPerfil`,`Submenu`,`Menu`),
  KEY `IdPerfil` (`IdPerfil`),
  KEY `Submenu` (`Submenu`),
  KEY `Menu` (`Menu`),
  CONSTRAINT `perfiles_det_ibfk_1` FOREIGN KEY (`IdPerfil`) REFERENCES `perfiles` (`CodPerfil`) ON DELETE CASCADE ON UPDATE CASCADE,
  CONSTRAINT `perfiles_det_ibfk_2` FOREIGN KEY (`Menu`) REFERENCES `m_menu_emp_menj` (`id`) ON DELETE CASCADE ON UPDATE CASCADE,
  CONSTRAINT `perfiles_det_ibfk_3` FOREIGN KEY (`Submenu`) REFERENCES `m_menu_emp_sub_menj` (`id`) ON DELETE CASCADE ON UPDATE CASCADE
) ENGINE=InnoDB AUTO_INCREMENT=51 DEFAULT CHARSET=utf8 COLLATE=utf8_unicode_ci;

-- Volcando datos para la tabla fundacite_opsu.perfiles_det: ~30 rows (aproximadamente)
DELETE FROM `perfiles_det`;
/*!40000 ALTER TABLE `perfiles_det` DISABLE KEYS */;
INSERT INTO `perfiles_det` (`id`, `IdPerfil`, `Submenu`, `Menu`, `S`, `U`, `D`, `I`, `P`) VALUES
	(1, 2, 1, 54, 1, 1, 1, 1, 1),
	(2, 2, 2, 54, 1, 1, 1, 1, 1),
	(5, 1, 2, 54, 0, 0, 0, 0, 0),
	(6, 1, 1, 54, 1, 0, 0, 0, 0),
	(9, 1, 5, 56, 1, 0, 0, 0, 0),
	(10, 1, 4, 56, 1, 0, 0, 0, 0),
	(11, 1, 6, 56, 1, 0, 0, 0, 0),
	(12, 1, 3, 55, 1, 0, 0, 0, 0),
	(13, 1, 8, 55, 1, 0, 0, 0, 0),
	(14, 2, 5, 56, 1, 0, 0, 0, 0),
	(15, 2, 4, 56, 1, 0, 0, 0, 0),
	(16, 2, 6, 56, 1, 0, 0, 0, 0),
	(17, 2, 8, 55, 1, 0, 0, 0, 0),
	(18, 2, 3, 55, 1, 0, 0, 0, 0),
	(19, 3, 5, 56, 0, 0, 0, 1, 0),
	(20, 3, 4, 56, 0, 0, 0, 1, 0),
	(26, 3, 6, 56, 0, 0, 0, 1, 0),
	(31, 4, 5, 56, 1, 0, 0, 0, 0),
	(32, 4, 4, 56, 1, 0, 0, 0, 0),
	(33, 4, 6, 56, 1, 0, 0, 0, 0),
	(34, 4, 3, 55, 1, 0, 0, 0, 0),
	(38, 1, 11, 57, 1, 0, 0, 0, 0),
	(39, 1, 9, 57, 1, 0, 0, 0, 0),
	(40, 1, 12, 57, 1, 0, 0, 0, 0),
	(45, 2, 11, 57, 1, 0, 0, 0, 0),
	(46, 2, 9, 57, 1, 0, 0, 0, 0),
	(47, 2, 12, 57, 1, 0, 0, 0, 0),
	(48, 3, 11, 57, 1, 0, 0, 0, 0),
	(49, 3, 9, 57, 1, 0, 0, 0, 0),
	(50, 3, 12, 57, 1, 0, 0, 0, 0);
/*!40000 ALTER TABLE `perfiles_det` ENABLE KEYS */;


-- Volcando estructura para tabla fundacite_opsu.personal
CREATE TABLE IF NOT EXISTS `personal` (
  `per_codigo` int(11) NOT NULL AUTO_INCREMENT,
  `per_cedula` int(11) NOT NULL,
  `per_nombres` varchar(250) COLLATE utf8_bin NOT NULL,
  `per_apellidos` varchar(250) COLLATE utf8_bin NOT NULL,
  `per_correo` varchar(250) COLLATE utf8_bin DEFAULT NULL,
  `per_telefono` varchar(250) COLLATE utf8_bin DEFAULT NULL,
  PRIMARY KEY (`per_codigo`),
  UNIQUE KEY `per_cedula` (`per_cedula`)
) ENGINE=InnoDB AUTO_INCREMENT=4 DEFAULT CHARSET=utf8 COLLATE=utf8_bin;

-- Volcando datos para la tabla fundacite_opsu.personal: ~0 rows (aproximadamente)
DELETE FROM `personal`;
/*!40000 ALTER TABLE `personal` DISABLE KEYS */;
INSERT INTO `personal` (`per_codigo`, `per_cedula`, `per_nombres`, `per_apellidos`, `per_correo`, `per_telefono`) VALUES
	(3, 19191493, 'lilia amanda ', 'ROJAS', 'KARPOFV.89@GMAIL.COM', '04124289536');
/*!40000 ALTER TABLE `personal` ENABLE KEYS */;


-- Volcando estructura para tabla fundacite_opsu.plantel
CREATE TABLE IF NOT EXISTS `plantel` (
  `plant_codigo` int(11) NOT NULL AUTO_INCREMENT,
  `plant_codzona` int(11) DEFAULT NULL,
  `plant_descripcion` varchar(250) COLLATE utf8_bin DEFAULT NULL,
  `plant_direccion` varchar(250) COLLATE utf8_bin DEFAULT NULL,
  `plant_parroquia` int(11) DEFAULT NULL,
  `plant_contact_cedula` int(11) DEFAULT NULL,
  `plant_contact_nombre` varchar(100) COLLATE utf8_bin DEFAULT NULL,
  `plant_contact_apellido` varchar(100) COLLATE utf8_bin DEFAULT NULL,
  `plant_contact_telefono` varchar(100) COLLATE utf8_bin DEFAULT NULL,
  `plant_contact_correo` varchar(100) COLLATE utf8_bin DEFAULT NULL,
  PRIMARY KEY (`plant_codigo`),
  UNIQUE KEY `plant_codzona` (`plant_codzona`),
  KEY `FK_plantel_c_parroquia` (`plant_parroquia`),
  CONSTRAINT `FK_plantel_c_parroquia` FOREIGN KEY (`plant_parroquia`) REFERENCES `c_parroquia` (`id`)
) ENGINE=InnoDB AUTO_INCREMENT=375 DEFAULT CHARSET=utf8 COLLATE=utf8_bin;

-- Volcando datos para la tabla fundacite_opsu.plantel: ~371 rows (aproximadamente)
DELETE FROM `plantel`;
/*!40000 ALTER TABLE `plantel` DISABLE KEYS */;
INSERT INTO `plantel` (`plant_codigo`, `plant_codzona`, `plant_descripcion`, `plant_direccion`, `plant_parroquia`, `plant_contact_cedula`, `plant_contact_nombre`, `plant_contact_apellido`, `plant_contact_telefono`, `plant_contact_correo`) VALUES
	(2, 610101001, 'U.E. VEGUITAS', 'la paz', 182, 12204111, 'a', 'b', '02735350116', 'karpofv.89@gmail.com'),
	(3, 610101501, 'L.B. 15 DE MAYO', '', 182, 0, '', '', '', ''),
	(4, 610101502, 'LICEO BOLIVARIANO POBLADO 1', '', 182, 0, '', '', '', ''),
	(5, 610101504, 'NER 044', '', 182, 0, '', '', '', ''),
	(6, 610101505, 'L.B. FLOR AMARILLO', '', 182, 0, '', '', '', ''),
	(7, 610101507, 'L.B. NER 573', '', 182, 0, '', '', '', ''),
	(8, 610101508, 'L.B. LA ARENOSA', '', 182, 0, '', '', '', ''),
	(9, 610101509, 'L.B. MASPARRO GUAFITA', '', 182, 0, '', '', '', ''),
	(10, 610101503, 'U.E. BOL. 23 DE ABRIL', '', 182, 0, '', '', '', ''),
	(11, 610101506, 'L.B. LOS RASTROJOS', '', 182, 0, '', '', '', ''),
	(12, 610101511, 'L.N.B. CAÑO HONDO I (NER 573)', '', 182, 0, '', '', '', ''),
	(13, 610101512, 'L.N.B. CURITO ABAJO II (NER 044)', '', 182, 0, '', '', '', ''),
	(14, 610101513, 'U.E. ARAUQUITA', '', 182, 0, '', '', '', ''),
	(15, 610102002, 'LICEO NOCTURNO NICOLAS PULIDO', '', 181, 0, '', '', '', ''),
	(16, 610102004, 'U.E. NICOLAS PULIDO', '', 181, 0, '', '', '', ''),
	(17, 610102156, 'L.B. CALCETA', '', 181, 0, '', '', '', ''),
	(18, 610102158, 'U.E. SABANETA', '', 181, 0, '', '', '', ''),
	(19, 610102159, 'L.N.B. CAÑO HONDO - LATUBERIA', '', 181, 0, '', '', '', ''),
	(20, 610102160, 'L.N.B. SIMON RODRIGUEZ', '', 181, 0, '', '', '', ''),
	(21, 610102161, 'LICEO NAC. WILIAN ARTAHONA (NER 573)', '', 181, 0, '', '', '', ''),
	(22, 610102162, 'E.B.N. CONC. BOLIVIA SANTA RITA (NER 044)', '', 181, 0, '', '', '', ''),
	(23, 610102163, 'M.R. BARINAS ALBERTO ARVELO TORREALBA', '', 181, 0, '', '', '', ''),
	(24, 610601099, 'U.E. EL CANTON (DIURNO)', '', 229, 0, '', '', '', ''),
	(25, 610601100, 'U.E. EL CANTON (NOCTURNO)', '', 229, 0, '', '', '', ''),
	(26, 610601501, 'L.B. CAÑO DE CHIGUIRE', '', 229, 0, '', '', '', ''),
	(27, 610601503, 'L.B. NER 015', '', 229, 0, '', '', '', ''),
	(28, 610601504, 'L.B. TRES ESQUINAS', '', 229, 0, '', '', '', ''),
	(29, 610601505, 'L.B. LA CEIBITA', '', 229, 0, '', '', '', ''),
	(30, 610601506, 'L.B. CORRALITO DE CAPARO', '', 229, 0, '', '', '', ''),
	(31, 610601507, 'L.B. FLOR AMARILLO', '', 229, 0, '', '', '', ''),
	(32, 610601508, 'L.B. CAÑO DELGADITO', '', 229, 0, '', '', '', ''),
	(33, 610601509, 'L.B. LOS TOPOCHALES (NER 039)', '', 229, 0, '', '', '', ''),
	(34, 610601510, 'L.B. LA PIEDRITA (NER 015)', '', 229, 0, '', '', '', ''),
	(35, 610601511, 'LICEO NAC. ANDRES ELOY BLANCO', '', 229, 0, '', '', '', ''),
	(36, 610601512, 'M.R. BARINAS ANDRES ELOY BLANCO', '', 229, 0, '', '', '', ''),
	(37, 610602163, 'L.B. SANTA BOLIVAR', '', 231, 0, '', '', '', ''),
	(38, 610602501, 'U.E.N. MATEO SEXAGESIMO OSTOS II', '', 231, 0, '', '', '', ''),
	(39, 610603502, 'L.N. LA PIEDRITA (NER 015)', '', 230, 0, '', '', '', ''),
	(40, 610201005, 'U.E. JOSE ANTONIO CARDENAS Q.', '', 184, 0, '', '', '', ''),
	(41, 610201007, 'L.B. NER 018', '', 184, 0, '', '', '', ''),
	(42, 610201008, 'L.B. LA PRIMAVERA', '', 184, 0, '', '', '', ''),
	(43, 610201009, 'L.B. LA PRADERA', '', 184, 0, '', '', '', ''),
	(44, 610201010, 'L.B. NER 018-A', '', 184, 0, '', '', '', ''),
	(45, 610201011, 'E.T.A. PEDRO GUERRERO', '', 184, 0, '', '', '', ''),
	(46, 610201012, 'L.B. NER 020', '', 184, 0, '', '', '', ''),
	(47, 610201015, 'L.B. NER 020-B', '', 184, 0, '', '', '', ''),
	(48, 610201016, 'L.B. NER 612', '', 184, 0, '', '', '', ''),
	(49, 610201017, 'L.B. MICHAY ABAJO LOS RIVAS', '', 184, 0, '', '', '', ''),
	(50, 610201018, 'L.B. CAÑO AMARILLO', '', 184, 0, '', '', '', ''),
	(51, 610201019, 'L.B. NER 511', '', 184, 0, '', '', '', ''),
	(52, 610201020, 'L.B. EL REMOLINO', '', 184, 0, '', '', '', ''),
	(53, 610201021, 'L.B. CAÑO OSO I', '', 184, 0, '', '', '', ''),
	(54, 610201022, 'L.B. NER 299', '', 184, 0, '', '', '', ''),
	(55, 610201024, 'L.B. NER 408', '', 184, 0, '', '', '', ''),
	(56, 610201025, 'L.B. LOS CERRITOS', '', 184, 0, '', '', '', ''),
	(57, 610201027, 'L.B. EL PORVENIR', '', 184, 0, '', '', '', ''),
	(58, 610201013, 'L.B. LOS PROCERES', '', 184, 0, '', '', '', ''),
	(59, 610201014, 'L.B. FRANSCISCO DE MIRANDA', '', 184, 0, '', '', '', ''),
	(60, 610201023, 'L.B. VISTA HERMOSA', '', 184, 0, '', '', '', ''),
	(61, 610201026, 'L.B. PUENTE HIERRO', '', 184, 0, '', '', '', ''),
	(62, 610201028, 'L.B. BUENOS AIRES', '', 184, 0, '', '', '', ''),
	(63, 610201029, 'L.B. SIMON RODRIGUEZ (A J DE SUCRE)', '', 184, 0, '', '', '', ''),
	(64, 610201030, 'L.B. EL ARAGUENEY', '', 184, 0, '', '', '', ''),
	(65, 610201031, 'L.N.B. SABANA LINDA (NER 612-A)', '', 184, 0, '', '', '', ''),
	(66, 610201032, 'L.N.B. LAS MARGARITAS (NER 020-B)', '', 184, 0, '', '', '', ''),
	(67, 610201033, 'L.N.B. PEDRO BELANDRIA (NER 408-A)', '', 184, 0, '', '', '', ''),
	(68, 610201035, 'L.N.B. PEDRO ALI SOTO', '', 184, 0, '', '', '', ''),
	(69, 610203509, 'U.E. LUIS AGUSTIN DALO', '', 183, 0, '', '', '', ''),
	(70, 610203007, 'L.B. CHAMETA', '', 183, 0, '', '', '', ''),
	(71, 610203510, 'L.N. COLEGIO ANTONIO JOSE DE SUCRE', '', 183, 0, '', '', '', ''),
	(72, 610203511, 'L.N. PEDRO BRICEÑO PUMAR', '', 183, 0, '', '', '', ''),
	(73, 610203514, 'U.E. COLEGIO NUESTRA SEÑORA DE COROMOTO', '', 183, 0, '', '', '', ''),
	(74, 610203515, 'U.E. RUBEN REYES NACAR', '', 183, 0, '', '', '', ''),
	(75, 610203516, 'U.E. SOCOPO', '', 183, 0, '', '', '', ''),
	(76, 610203517, 'E.B. ORLANDO GARCIA', '', 183, 0, '', '', '', ''),
	(77, 610203518, 'E.B. LA ESPERANZA', '', 183, 0, '', '', '', ''),
	(78, 610203501, 'LIC. BOL. NEGRO PRIMERO', '', 183, 0, '', '', '', ''),
	(79, 610203502, 'U.E.N. BOL MIGUEL ANGEL GILLEN', '', 183, 0, '', '', '', ''),
	(80, 610203503, 'U.E.N. LA QUIMIL (NER 408)', '', 183, 0, '', '', '', ''),
	(81, 610203520, 'U.E. SANTA BARBARA BENDITA', '', 183, 0, '', '', '', ''),
	(82, 610203521, 'L.N.B. JUAN PABLO II (NER 020 - A)', '', 183, 0, '', '', '', ''),
	(83, 610203522, 'L.N.B. LUIS BELTRAN PRIETO FIGUEROA', '', 183, 0, '', '', '', ''),
	(84, 610203523, 'LICEO N. DESTIERRO ABAJO (NER 612)', '', 183, 0, '', '', '', ''),
	(85, 610203524, 'U.E. BOLIV. JUAN JOSE LANDAETA', '', 183, 0, '', '', '', ''),
	(86, 610203525, 'LICEO NACIONAL PABLO MOLINA', '', 183, 0, '', '', '', ''),
	(87, 610203526, 'ESC. BAS. CONC. MARISCAL SUCRE', '', 183, 0, '', '', '', ''),
	(88, 610203527, 'LICEO NOCTURNO NACIONAL NESTOR RUJANO MORALES', '', 183, 0, '', '', '', ''),
	(89, 610203528, 'M.R. BARINAS ANTONIO JOSE DE SUCRE', '', 183, 0, '', '', '', ''),
	(90, 610301015, 'E.T.A. LA UNION', '', 186, 0, '', '', '', ''),
	(91, 610301165, 'E.B. JESUS MARIA BLANCO', '', 186, 0, '', '', '', ''),
	(92, 610301503, 'L.B. NER 620', '', 186, 0, '', '', '', ''),
	(93, 610301504, 'L.B. SAN ANTONIO', '', 186, 0, '', '', '', ''),
	(94, 610301506, 'E.B. MARCELO RAMIREZ GUADARRAMA', '', 186, 0, '', '', '', ''),
	(95, 610301505, 'L.B. ARROCILLAL', '', 186, 0, '', '', '', ''),
	(96, 610301507, 'L.N.B. LA ROMPIA (NER 009-B)', '', 186, 0, '', '', '', ''),
	(97, 610301508, 'LICEO NOCTURNO ARISMENDI', '', 186, 0, '', '', '', ''),
	(98, 610301509, 'L.B. MIGUEL ANTONIO MORILLO', '', 186, 0, '', '', '', ''),
	(99, 610301510, 'MR BARINAS ARISMENDI', '', 186, 0, '', '', '', ''),
	(100, 610304008, 'ESCUELA BASICA CONCENTRADA BOLIVARIANA ISLA DE RUENDE (NER 093)', '', 189, 0, '', '', '', ''),
	(101, 610304009, 'L.N. SIMON RODRIGUEZ (NER 093)', '', 189, 0, '', '', '', ''),
	(102, 610304010, 'L.N.B. EL PALMAR NER 093', '', 189, 0, '', '', '', ''),
	(103, 610401016, 'L.B. ALFREDO ARVELO LARIVA', '', 191, 0, '', '', '', ''),
	(104, 610401503, 'L.B. NUESTRA SEÑORA DE LA PAZ', '', 191, 0, '', '', '', ''),
	(105, 610402017, 'LICEO NOCTURNO GUANAPA', '', 200, 0, '', '', '', ''),
	(106, 610402018, 'U.E. NUESTRA SEÑORA DE FATIIMA', '', 200, 0, '', '', '', ''),
	(107, 610402019, 'U.E. SIMON BOLIVAR', '', 200, 0, '', '', '', ''),
	(108, 610402022, 'ESCUELA AGRON.   SALESIANA DE SAN JOSE', '', 200, 0, '', '', '', ''),
	(109, 610402069, 'U.E. ALTO BARINAS SUR', '', 200, 0, '', '', '', ''),
	(110, 610402144, 'U.E. ALTO BARINAS NORTE', '', 200, 0, '', '', '', ''),
	(111, 610402181, 'LICEO BOLIVARIANO COLINAS DEL LLANO', '', 200, 0, '', '', '', ''),
	(112, 610402182, 'U.E. TALENTOS DEPORTIVOS DE BARINAS', '', 200, 0, '', '', '', ''),
	(113, 610402501, 'U.E.P. COL ANDRES ELOY BLANCO', '', 200, 0, '', '', '', ''),
	(114, 610402503, 'L.B. EL PAGUEY', '', 200, 0, '', '', '', ''),
	(115, 610402504, 'L.B. LA ERIKA', '', 200, 0, '', '', '', ''),
	(116, 610402505, 'L.B. LOS PLATANOS', '', 200, 0, '', '', '', ''),
	(117, 610402507, 'L.B. INSDUSTRIALITO', '', 200, 0, '', '', '', ''),
	(118, 610402508, 'L.B. 10 DE DICIEMBRE', '', 200, 0, '', '', '', ''),
	(119, 610402509, 'L.B. EL COROZO', '', 200, 0, '', '', '', ''),
	(120, 610402510, 'L.B. 04 DE FEBRERO', '', 200, 0, '', '', '', ''),
	(121, 610402511, 'L.B. BELLO MONTE', '', 200, 0, '', '', '', ''),
	(122, 610402512, 'L.B. MARQUEZ DEL PUMAR', '', 200, 0, '', '', '', ''),
	(123, 610402136, 'COORDINACION OPSU BARINAS', '', 200, 0, '', '', '', ''),
	(124, 610402513, 'L.B. GALLEGO PAGUEY', '', 200, 0, '', '', '', ''),
	(125, 610402514, 'L.B. CARAMUCA PUENTE', '', 200, 0, '', '', '', ''),
	(126, 610402515, 'L.B. EL ARENAL', '', 200, 0, '', '', '', ''),
	(127, 610402517, 'L.B. CARLOS RAUL VILLANUEVA', '', 200, 0, '', '', '', ''),
	(128, 610402518, 'L.B. CIUDAD TAVACARE', '', 200, 0, '', '', '', ''),
	(129, 610402519, 'U.E.N. BELEN DE SAN JUAN', '', 200, 0, '', '', '', ''),
	(130, 610402520, 'L.B. ROSA INES', '', 200, 0, '', '', '', ''),
	(131, 610402522, 'L.B. 28 DE JULIO', '', 200, 0, '', '', '', ''),
	(132, 610403180, 'U.E.C. CRISTIANO JESUS DE NAZARET', '', 190, 0, '', '', '', ''),
	(133, 610403020, 'E.B. ALBERTO ARVELO TORREALBA NOCT.', '', 190, 0, '', '', '', ''),
	(134, 610403024, 'L.N. MARIANO PICON SALAS', '', 190, 0, '', '', '', ''),
	(135, 610403026, 'L.NOCTURNO. OLEARY', '', 190, 0, '', '', '', ''),
	(136, 610403027, 'LICEO DANIEL FLORENCIO OLEARY', '', 190, 0, '', '', '', ''),
	(137, 610403028, 'U.E. INST. BACHILLER ELIAS CORDERO UZCATEGUI', '', 190, 0, '', '', '', ''),
	(138, 610403033, 'U.E. 15 DE ENERO', '', 190, 0, '', '', '', ''),
	(139, 610403034, 'U.E. ALBERTO ARVELO TORREALBA', '', 190, 0, '', '', '', ''),
	(140, 610403038, 'U.E. COLEGIO MARQUEZ DEL PUMAR', '', 190, 0, '', '', '', ''),
	(141, 610403039, 'U.E. COLEGIO NUESTRA SEÑORA DEL PILAR', '', 190, 0, '', '', '', ''),
	(142, 610403040, 'U.E. COLEGIO SAN J. B DE LA SALLE', '', 190, 0, '', '', '', ''),
	(143, 610403048, 'U.E. NUESTRA SEÑORA DE LOURDES(DIURNO)', '', 190, 0, '', '', '', ''),
	(144, 610403052, 'U.E. SIMON RODRIGUEZ', '', 190, 0, '', '', '', ''),
	(145, 610403172, 'ESTRATEGIA DE  EVALUACIÓN LIBRE ESCOLARIDAD', '', 190, 0, '', '', '', ''),
	(146, 610403176, 'E.T.A. GRAN MARISCAL DE AMERICA', '', 190, 0, '', '', '', ''),
	(147, 610403177, 'U.E.N. TALENTOS ARTISTICOS', '', 190, 0, '', '', '', ''),
	(148, 610403179, 'L.B. TRES PLANTAS', '', 190, 0, '', '', '', ''),
	(149, 610403181, 'L.B. HATO VIEJO (NER 315)', '', 190, 0, '', '', '', ''),
	(150, 610403182, 'IRFA (INSTITUTO RADIOFONICO FE Y ALEGRIA)', '', 190, 0, '', '', '', ''),
	(151, 610403183, 'MR BARINAS BARINAS', '', 190, 0, '', '', '', ''),
	(152, 610404021, 'E.T.A. VENEZUELA', '', 198, 0, '', '', '', ''),
	(153, 610404023, 'FE Y ALEGRIA LA INMACULADA', '', 198, 0, '', '', '', ''),
	(154, 610404050, 'U.E. ROBERTO MORENO BRICEÑO', '', 198, 0, '', '', '', ''),
	(155, 610404054, 'L.N. FRANCISCO RIVAS', '', 198, 0, '', '', '', ''),
	(156, 610404055, 'U.E. CRISTIANA EL BUEN PASTOR', '', 198, 0, '', '', '', ''),
	(157, 610404058, 'U.E. RAFAEL MEDINA JIMENEZ', '', 198, 0, '', '', '', ''),
	(158, 610404505, 'LICEO NOCTURNO ENDER ALEXIS BERMUDEZ', '', 198, 0, '', '', '', ''),
	(159, 610404506, 'L.N. LA CONCORDIA', '', 198, 0, '', '', '', ''),
	(160, 610404508, 'U.E. PEDRO FELIPE CAMEJO (NOCT)', '', 198, 0, '', '', '', ''),
	(161, 610404509, 'U.E. TTE. PEDRO F. CAMEJO', '', 198, 0, '', '', '', ''),
	(162, 610406064, 'U.E. CAMIRI', '', 203, 0, '', '', '', ''),
	(163, 610406065, 'L.B. LA ECHEVERRIA NER 147', '', 203, 0, '', '', '', ''),
	(164, 610406066, 'L.B. PALMITAS DE CAMIRI I', '', 203, 0, '', '', '', ''),
	(165, 610407065, 'L.B. 25 DE MAYO', '', 196, 0, '', '', '', ''),
	(166, 610407066, 'E.T.I EZEQUIEL ZAMORA', '', 196, 0, '', '', '', ''),
	(167, 610407067, 'L.N. SAN JUDAS TADEO', '', 196, 0, '', '', '', ''),
	(168, 610407070, 'U.E. COLEGIO ARZOBISPO MENDEZ', '', 196, 0, '', '', '', ''),
	(169, 610407071, 'U.E. LIBERTADOR (ADULT)', '', 196, 0, '', '', '', ''),
	(170, 610407073, 'U.E. SAN JUDAS TADEO', '', 196, 0, '', '', '', ''),
	(171, 610407141, 'COLEGIO SANTA ROSA DE LIMA', '', 196, 0, '', '', '', ''),
	(172, 610407148, 'U.E. CINQUEÑA III', '', 196, 0, '', '', '', ''),
	(173, 610407157, 'U.E. A. PROF. CLIMACO GIRON', '', 196, 0, '', '', '', ''),
	(174, 610407158, 'U.E. GENERAL JOSE I. PULIDO PUMAR', '', 196, 0, '', '', '', ''),
	(175, 610407507, 'FE Y ALEGRIA TERESA DE LA ASUNCION', '', 196, 0, '', '', '', ''),
	(176, 610407501, 'U.E.P. DON CESAR ACOSTA', '', 196, 0, '', '', '', ''),
	(177, 610407502, 'U.E.P. 15 DE ENERO (PRIVADO)', '', 196, 0, '', '', '', ''),
	(178, 610407505, 'U.E.A. NUESTRA SRA. DE LOURDES (ADULTOS)', '', 196, 0, '', '', '', ''),
	(179, 610407506, 'U.E.P. COLEGIO FRANCISCO DE MIRANDA', '', 196, 0, '', '', '', ''),
	(180, 610407508, 'INSTITUTO EDUCATIVO VENEZUELA (EDUC. ADULTOS)', '', 196, 0, '', '', '', ''),
	(181, 610414083, 'U.E. TORUNOS', '', 202, 0, '', '', '', ''),
	(182, 610413081, 'U.E. ADONAY PARRA JIMENEZ', '', 199, 0, '', '', '', ''),
	(183, 610413501, 'ETCN JOSE LEONARDO CHIRINOS', '', 199, 0, '', '', '', ''),
	(184, 610413502, 'U.E.N. TRINA SEGORIA', '', 199, 0, '', '', '', ''),
	(185, 610413504, 'U.E. TRINA B. DE SEGOVIA', '', 199, 0, '', '', '', ''),
	(186, 610409502, 'U.E.N. GUANIPA', '', 197, 0, '', '', '', ''),
	(187, 610409503, 'ETCN RAIMUNDO ANDUEZA PALACIOS', '', 197, 0, '', '', '', ''),
	(188, 610409505, 'INSTITUTO NACIONAL DE CAPACITACION Y EDUCACION SOC. INCES BARINAS', '', 197, 0, '', '', '', ''),
	(189, 610409507, 'UNIDAD TERRITORIAL BARINAS', '', 197, 0, '', '', '', ''),
	(190, 2147483647, 'Usuario1', '', 197, 0, '', '', '', ''),
	(193, 610409508, 'E.B. JUAN ANDRÉS VARELA', '', 197, 0, '', '', '', ''),
	(194, 610410076, 'L.B. SAMUEL ROBINSON', '', 192, 0, '', '', '', ''),
	(195, 610410147, 'L.N.B. PUNTO FIJO', '', 192, 0, '', '', '', ''),
	(196, 610411079, 'U.E.ALMIRANTE VAZCO DE GAMA', '', 193, 0, '', '', '', ''),
	(197, 610411142, 'E.B. MANUEL PALACIOS FAJARDO', '', 193, 0, '', '', '', ''),
	(198, 610411143, 'L.B. RIO SECO', '', 193, 0, '', '', '', ''),
	(199, 610415025, 'L.N. RAMON IGNACIO MENDEZ', '', 194, 0, '', '', '', ''),
	(200, 610415031, 'U.E. JOSE FELIX RIBAS', '', 194, 0, '', '', '', ''),
	(201, 610415042, 'U.E. HERMINIO LEON COLMENARES', '', 194, 0, '', '', '', ''),
	(202, 610415043, 'LICEO BOLIVARIANO LIBERTADOR', '', 194, 0, '', '', '', ''),
	(203, 610415044, 'L.B. SANTA LUCIA', '', 194, 0, '', '', '', ''),
	(204, 610415045, 'L.B. FRANCISCO DE MIRANDA', '', 194, 0, '', '', '', ''),
	(205, 610412080, 'U.E. SAN SILVESTRE', '', 195, 0, '', '', '', ''),
	(206, 610412100, 'E.T.C. GRAN MARISCAL DE AYACUCHO', '', 195, 0, '', '', '', ''),
	(207, 610412501, 'U.E. NAC. BOL. CARONI BAJO', '', 195, 0, '', '', '', ''),
	(208, 610412502, 'ETAN LUIS BELTRAN PRIETO FIGUEROA', '', 195, 0, '', '', '', ''),
	(209, 610501084, 'U.E. 30 DE JUNIO', '', 205, 0, '', '', '', ''),
	(210, 610501085, 'ESC. BASICA LA SOLEDAD', '', 205, 0, '', '', '', ''),
	(211, 610502085, 'U.E. BILINGÜE MAESTRO DE GALILEA', '', 204, 0, '', '', '', ''),
	(212, 610502088, 'U.E. CANDIDO A. MEZA', '', 204, 0, '', '', '', ''),
	(213, 610502089, 'U.E. CANDIDO MEZA (ADULT)', '', 204, 0, '', '', '', ''),
	(214, 610502090, 'U.E. COLEGIO PROVINCIAL BARINITAS', '', 204, 0, '', '', '', ''),
	(215, 610502091, 'U.E. GRAL. EN JEFE JOSE ANTONIO PAEZ', '', 204, 0, '', '', '', ''),
	(216, 610502092, 'U.E.P. GRAN MARISCAL DE AYACUCHO', '', 204, 0, '', '', '', ''),
	(217, 610502096, 'U.E. JUAN PABLO II', '', 204, 0, '', '', '', ''),
	(218, 610502143, 'U.E. SIMON BOLIVAR', '', 204, 0, '', '', '', ''),
	(219, 610502154, 'E.T.A.R. FRANCISCO TAMAYO', '', 204, 0, '', '', '', ''),
	(220, 610502155, 'L.B. MANUEL ANTONIO BRICEÑO', '', 204, 0, '', '', '', ''),
	(221, 610502158, 'L.B. LA CABAÑA', '', 204, 0, '', '', '', ''),
	(222, 610502159, 'L.B. JUANA RAMIREZ LA AVANZADORA', '', 204, 0, '', '', '', ''),
	(223, 610502160, 'L.B. SANTA CRUZ', '', 204, 0, '', '', '', ''),
	(224, 610502161, 'M.R. BARINAS BOLIVAR', '', 204, 0, '', '', '', ''),
	(225, 610503097, 'L.N. PBRO. HECTOR A. MONSALVE', '', 206, 0, '', '', '', ''),
	(226, 610503098, 'U.E. JACINTO MORA SANCHEZ', '', 206, 0, '', '', '', ''),
	(227, 610503099, 'L.B. MUCUSAVICHE', '', 206, 0, '', '', '', ''),
	(228, 610701101, 'U.E. GUILLERMO TELL VILLEGAS', '', 207, 0, '', '', '', ''),
	(229, 610701102, 'U.E. GUILLERMO TELL VILLEGAS (ADULT)', '', 207, 0, '', '', '', ''),
	(230, 610701105, 'L.B. LOS MANGOS', '', 207, 0, '', '', '', ''),
	(231, 610701106, 'L.B. CAMPO ALEGRE', '', 207, 0, '', '', '', ''),
	(232, 610701107, 'L.B. LOS MANGOS (NER 317)', '', 207, 0, '', '', '', ''),
	(233, 610701108, 'U.E.N. LUIS LORETO PERALTA', '', 207, 0, '', '', '', ''),
	(234, 610701109, 'LICEO NACIONAL TORO ARRIBA (NER 317)', '', 207, 0, '', '', '', ''),
	(235, 610701110, 'M.R. BARINAS CRUZ PAREDES', '', 207, 0, '', '', '', ''),
	(236, 610701111, 'E.T.A.R.N. SIMON BOLIVAR', '', 207, 0, '', '', '', ''),
	(237, 610702001, 'L.B. LA YUCA', '', 208, 0, '', '', '', ''),
	(238, 610702002, 'L.B. EL PESCADO', '', 208, 0, '', '', '', ''),
	(239, 610702004, 'U.E. CONCENTRADA BOLIVARIANA SAMUEL ROBINSON', '', 208, 0, '', '', '', ''),
	(240, 610804111, 'U.E. DR. JOSE IGNACIO DEL PUMAR', '', 211, 0, '', '', '', ''),
	(241, 610804114, 'U.E. PUNTA DE PIEDRA (DIURNO)', '', 211, 0, '', '', '', ''),
	(242, 610804115, 'L.B. MACANILLAL ARRIBA (NER 564)', '', 211, 0, '', '', '', ''),
	(243, 610804116, 'M.R. BARINAS EZEQUIEL ZAMORA', '', 211, 0, '', '', '', ''),
	(244, 610801103, 'L.N. CAPITANEJO (NOCTURNO)', '', 212, 0, '', '', '', ''),
	(245, 610801152, 'L.B. CAPITANEJO (DIURNO)', '', 212, 0, '', '', '', ''),
	(246, 610801154, 'L.B. NER 425', '', 212, 0, '', '', '', ''),
	(247, 610801157, 'L.B. NER 398', '', 212, 0, '', '', '', ''),
	(248, 610801158, 'L.B. NER 186', '', 212, 0, '', '', '', ''),
	(249, 610801160, 'L.B. NER 564', '', 212, 0, '', '', '', ''),
	(250, 610801155, 'L.B. BARRANCONES ARRIBA', '', 212, 0, '', '', '', ''),
	(251, 610801156, 'L.B. BARRANCONES ABAJO', '', 212, 0, '', '', '', ''),
	(252, 610801159, 'L.B. YOVANNY GUERRERO', '', 212, 0, '', '', '', ''),
	(253, 610801180, 'L.B. SAN ANTONIO DE PAJEN', '', 212, 0, '', '', '', ''),
	(254, 610801162, 'L.B. CURITO ABAJO', '', 212, 0, '', '', '', ''),
	(255, 610801191, 'L.B. LA CREOLE NER 399', '', 212, 0, '', '', '', ''),
	(256, 610801192, 'L.B. FRANCISCO LAZO MARTI', '', 212, 0, '', '', '', ''),
	(257, 610801193, 'L.N.B. CAÑO HONDO II (NER 564)', '', 212, 0, '', '', '', ''),
	(258, 610801194, 'L.N.B. CAMATUCHE ARRIBA (NER 564)', '', 212, 0, '', '', '', ''),
	(259, 610801195, 'L.B. FRANCISCO LAZO MARTI NER 399', '', 212, 0, '', '', '', ''),
	(260, 610801196, 'L.B. CAÑO HONDO CASTILLERO', '', 212, 0, '', '', '', ''),
	(261, 610805001, 'LICEO NOCTURNO PUNTA DE PIEDRA', '', 199, 0, '', '', '', ''),
	(262, 610803105, 'ESCUELA TECNICA ROBINSONIANA EUCLIDES MORO', '', 210, 0, '', '', '', ''),
	(263, 610803106, 'LICEO  NOCTURNO  CARLOS DEL POZO Y SUCRE', '', 210, 0, '', '', '', ''),
	(264, 610803107, 'L.B. CARLOS DEL POZO  Y SUCRE (DIURNO)', '', 210, 0, '', '', '', ''),
	(265, 610803109, 'U.E. COLEGIO MORAL Y LUCES', '', 210, 0, '', '', '', ''),
	(266, 610803110, 'U.E. CORAZON DE MARIA', '', 210, 0, '', '', '', ''),
	(267, 610803112, 'U.E. JUAN  PABLO I (ADULT)', '', 210, 0, '', '', '', ''),
	(268, 610803113, 'U.E. JUAN PABLO I (DIURNO)', '', 210, 0, '', '', '', ''),
	(269, 610803175, 'LICEO BOLIVARIANO ELIAS ARAQUE MULLER(NOCTURNO)', '', 210, 0, '', '', '', ''),
	(270, 610803176, 'LICEO BOLIVARIANO ELIAS ARAQUE MIULER', '', 210, 0, '', '', '', ''),
	(271, 610803178, 'U.E. EL YAURE', '', 210, 0, '', '', '', ''),
	(272, 610803179, 'L.B. PASO POTRERO NER 398', '', 210, 0, '', '', '', ''),
	(273, 610803180, 'L.N.B. LA LIBERTAD (NER 398)', '', 210, 0, '', '', '', ''),
	(274, 610803181, 'L.N.B. SAN MIGUEL (NER 398)', '', 210, 0, '', '', '', ''),
	(275, 610803182, 'L.N.B. MIGUEL HIDALGO CADENAS (NER 398)', '', 210, 0, '', '', '', ''),
	(276, 610803183, 'E.B.N. BOLIV. MANUELA SAENZ', '', 210, 0, '', '', '', ''),
	(277, 610902116, 'E.T.A. MANUEL PALACIOS', '', 215, 0, '', '', '', ''),
	(278, 610902176, 'U.E. CAIMITAL', '', 215, 0, '', '', '', ''),
	(279, 610902177, 'L.B. PALMA REAL', '', 215, 0, '', '', '', ''),
	(280, 610902178, 'L.B. LA PIEDRA', '', 215, 0, '', '', '', ''),
	(281, 610904001, 'U.E. LOS GUASIMITOS', '', 217, 0, '', '', '', ''),
	(282, 610903001, 'L.N.B. GENERAL ANTONIO GUZMAN BLANCO', '', 216, 0, '', '', '', ''),
	(283, 610901115, 'U.E. EL  REAL', '', 214, 0, '', '', '', ''),
	(284, 610901501, 'E.B.N. ARTURO USLAR PRIETRI', '', 214, 0, '', '', '', ''),
	(285, 610901503, 'L.B. NER 318', '', 214, 0, '', '', '', ''),
	(286, 610901504, 'L.B. CAMPO ALEGRE', '', 214, 0, '', '', '', ''),
	(287, 610901506, 'L.B. NER 014', '', 214, 0, '', '', '', ''),
	(288, 610901507, 'L.B. EL TAMBOR', '', 214, 0, '', '', '', ''),
	(289, 610901508, 'L.B. SABANA DE LOS NEGROS', '', 214, 0, '', '', '', ''),
	(290, 610901510, 'L.B. CAIMITAL IV', '', 214, 0, '', '', '', ''),
	(291, 610901511, 'L.B. MANUEL PALACIOS', '', 214, 0, '', '', '', ''),
	(292, 610901512, 'L.B. JOBALITO', '', 214, 0, '', '', '', ''),
	(293, 610901513, 'M.R. BARINAS OBISPOS', '', 214, 0, '', '', '', ''),
	(294, 611001119, 'L.B. JOSE RAFAEL PULIDO MENDEZ', '', 218, 0, '', '', '', ''),
	(295, 611001120, 'L.B. JOSE RAFAEL PULIDO MENDEZ (NOCT)', '', 218, 0, '', '', '', ''),
	(296, 611001121, 'L.B. MIJAGUA', '', 218, 0, '', '', '', ''),
	(297, 611001123, 'U.E. NUESTRA SEÑORA DE ALTAGRACIA DE PEDRAZA', '', 218, 0, '', '', '', ''),
	(298, 611001174, 'E.T.A. DON SIMON RODRIGUEZ', '', 218, 0, '', '', '', ''),
	(299, 611001501, 'L.B. LIC DR. CARLOS MARIA GONZALEZ BONA', '', 218, 0, '', '', '', ''),
	(300, 611001502, 'U.E. BANCO ALTO', '', 218, 0, '', '', '', ''),
	(301, 611001503, 'L.B. NER 094', '', 218, 0, '', '', '', ''),
	(302, 611001504, 'L.B. VEGA DE LOS INDIOS', '', 218, 0, '', '', '', ''),
	(303, 611001505, 'L.B. LAS MALVINAS', '', 218, 0, '', '', '', ''),
	(304, 611001510, 'L.B. NER 019', '', 218, 0, '', '', '', ''),
	(305, 611001512, 'L.B. EL ROBLE', '', 218, 0, '', '', '', ''),
	(306, 611001514, 'L.B. CAÑO LINDO', '', 218, 0, '', '', '', ''),
	(307, 611001507, 'L.B. LOS GUIRES', '', 218, 0, '', '', '', ''),
	(308, 611001511, 'L.B. MAPORAL', '', 218, 0, '', '', '', ''),
	(309, 611001516, 'L.B. JUAN DE LA CRUZ OSORIO NER 592', '', 218, 0, '', '', '', ''),
	(310, 611001517, 'L.B. JESUS MARIA IBAÑEZ NER 592', '', 218, 0, '', '', '', ''),
	(311, 611001518, 'L.B. LECHOZOTE NER 592', '', 218, 0, '', '', '', ''),
	(312, 611001519, 'L.B. CATALINA NER 185', '', 218, 0, '', '', '', ''),
	(313, 611001520, 'L.B. LUIS BELTRAN PRIETO FIGUEROA (PINTADERAS)', '', 218, 0, '', '', '', ''),
	(314, 611001521, 'L.B. JOSE RAMON ANDRADE MENDEZ', '', 218, 0, '', '', '', ''),
	(315, 611001523, 'L.B. SOLANERO (NER 019 B)', '', 218, 0, '', '', '', ''),
	(316, 611001524, 'L.B. SONADERO', '', 218, 0, '', '', '', ''),
	(317, 611001525, 'M.R. BARINAS PEDRAZA', '', 218, 0, '', '', '', ''),
	(318, 611004001, 'U.E. PEDRO R. PEREZ DELGADO', '', 219, 0, '', '', '', ''),
	(319, 611002501, 'U.E. CURBATI', '', 220, 0, '', '', '', ''),
	(320, 611002502, 'U.E. JOSÉ FELIX RIBAS (NOCTURNO)', '', 220, 0, '', '', '', ''),
	(321, 611002503, 'L.B. PIE DE MONTE ANDINO', '', 220, 0, '', '', '', ''),
	(322, 611002504, 'E.B.N. CONCENTRADA LOS COLONITOS NER 561', '', 220, 0, '', '', '', ''),
	(323, 611002505, 'E.B.N. COCENTRADA SANTA MARIA DE CANAGUA NER 561', '', 220, 0, '', '', '', ''),
	(324, 611002506, 'L.N.B. EL MECERO', '', 220, 0, '', '', '', ''),
	(325, 611003125, 'L.B. SAN RAFAEL DE CANAGUA', '', 1134, 0, '', '', '', ''),
	(326, 611003127, 'L.B. BUENOS AIRES (NER 094)', '', 1134, 0, '', '', '', ''),
	(327, 611003128, 'L.B. POTREROS DE LA VIRGEN', '', 1134, 0, '', '', '', ''),
	(328, 611003129, 'U.E.N. BOLIV. SANTIAGO MARIÑO', '', 1134, 0, '', '', '', ''),
	(329, 611003130, 'L.B. SABANA DE LEGO', '', 1134, 0, '', '', '', ''),
	(330, 611102128, 'L.B. DOLORES', '', 222, 0, '', '', '', ''),
	(331, 611102130, 'L.B. SABANA GRANDE', '', 222, 0, '', '', '', ''),
	(332, 611102133, 'L.B. EL CALDERO', '', 222, 0, '', '', '', ''),
	(333, 611102131, 'L.B. MAMON MAMONAL I', '', 222, 0, '', '', '', ''),
	(334, 611102132, 'L.B. BANCO CABALLERO', '', 222, 0, '', '', '', ''),
	(335, 611102134, 'L.B. MAMONAL I', '', 222, 0, '', '', '', ''),
	(336, 611102135, 'L.N.B. RURAL LA Y DE PATO LOPERO', '', 222, 0, '', '', '', ''),
	(337, 611102136, 'L.N.B. RURAL LA HERRERA', '', 222, 0, '', '', '', ''),
	(338, 611102138, 'L.B. MAPORAL II NER 261', '', 222, 0, '', '', '', ''),
	(339, 611103129, 'L.N. ENRIQUE IGNACIO GUTIERREZ (NOCTURNO)', '', 221, 0, '', '', '', ''),
	(340, 611103130, 'U.E. ENRIQUE  IGNACIO GUTIERREZ (DIURNO)', '', 221, 0, '', '', '', ''),
	(341, 611103131, 'L.B. PEDRO MANUEL ROJAS NER 319', '', 221, 0, '', '', '', ''),
	(342, 611103132, 'NER 593', '', 221, 0, '', '', '', ''),
	(343, 611103133, 'ESCUELA TÉCNICA AGROPECUARIA FE Y ALEGRIA', '', 221, 0, '', '', '', ''),
	(344, 611103134, 'L.B. EL MAMON NER 319', '', 221, 0, '', '', '', ''),
	(345, 611103135, 'M.R. BARINAS ROJAS', '', 221, 0, '', '', '', ''),
	(346, 611104131, 'E.T.A. ALFREDO ARVELO LARRIVA', '', 223, 0, '', '', '', ''),
	(347, 611104132, 'L.B. ENRIQUETA ARVELO LARRIVA', '', 223, 0, '', '', '', ''),
	(348, 611104133, 'E.B. CONC. LA ZAMORANA (NER 593)', '', 223, 0, '', '', '', ''),
	(349, 611105132, 'U.E. MANUEL HEREDIA ALAS', '', 224, 0, '', '', '', ''),
	(350, 611201172, 'U.E. EL CUCHARO', '', 225, 0, '', '', '', ''),
	(351, 611201133, 'LICEO NOCT. CIUDAD DE NUTRIAS', '', 225, 0, '', '', '', ''),
	(352, 611201135, 'LICEO NOCT. GRAL. JOSE DE LA C. PAREDES', '', 225, 0, '', '', '', ''),
	(353, 611201502, 'LICEO BOLIVARIANO CIUDAD DE NUTRIAS', '', 225, 0, '', '', '', ''),
	(354, 611201508, 'L.B. NER 591', '', 225, 0, '', '', '', ''),
	(355, 611201509, 'L.B. RINCON DEL TIGRE', '', 225, 0, '', '', '', ''),
	(356, 611201510, 'L.B. LIMONCITO', '', 225, 0, '', '', '', ''),
	(357, 611201511, 'L.B. NER 423', '', 225, 0, '', '', '', ''),
	(358, 611201512, 'L.B. LAS CAÑADAS DE SANTA CRUZ', '', 225, 0, '', '', '', ''),
	(359, 611201513, 'L.B. CAÑO CLAVO', '', 225, 0, '', '', '', ''),
	(360, 611201514, 'L.B. MONTAÑAS DE MACHADO', '', 225, 0, '', '', '', ''),
	(361, 611201206, 'L.B. CACHICAMO LA ERIKA', '', 225, 0, '', '', '', ''),
	(362, 611201516, 'L.B. CHAPARRITO', '', 225, 0, '', '', '', ''),
	(363, 611201518, 'L.B. LOS CANALES', '', 225, 0, '', '', '', ''),
	(364, 611201519, 'L.N.B. ESPINITO (NER 591)', '', 225, 0, '', '', '', ''),
	(365, 611201520, 'L.N.B. LA SALERA (NER 591)', '', 225, 0, '', '', '', ''),
	(366, 611201521, 'LICEO NACIONAL CHORROCO II (NER 423 - C)', '', 225, 0, '', '', '', ''),
	(367, 611202135, 'U.E. EL REGALO', '', 226, 0, '', '', '', ''),
	(368, 611202502, 'L.N. MORAL Y LUCES (NER 423 - C)', '', 226, 0, '', '', '', ''),
	(369, 611202503, 'E.B.N. CONC. BOLIV. PASO EL GUAMO (NER 423 - C)', '', 226, 0, '', '', '', ''),
	(370, 611202504, 'L.B. LOS GUASIMOS NER 423', '', 226, 0, '', '', '', ''),
	(371, 611203001, 'E.B.N. CONC. CAÑO BRAVO (NER 591)', '', 227, 0, '', '', '', ''),
	(372, 611203002, 'L.N.B. PUERTO DE NUTRIAS', '', 227, 0, '', '', '', ''),
	(373, 611203003, 'MR BARINAS SOSA', '', 227, 0, '', '', '', ''),
	(374, 611204502, 'U.E.N. BOLIVARIANA AGUSTIN ISTURIZ', '', 228, 0, '', '', '', '');
/*!40000 ALTER TABLE `plantel` ENABLE KEYS */;


-- Volcando estructura para tabla fundacite_opsu.recargar
CREATE TABLE IF NOT EXISTS `recargar` (
  `id` int(11) NOT NULL AUTO_INCREMENT,
  `URL` varchar(150) COLLATE utf8_unicode_ci NOT NULL,
  `actd` int(1) NOT NULL,
  `Accion` varchar(150) COLLATE utf8_unicode_ci NOT NULL,
  PRIMARY KEY (`id`)
) ENGINE=InnoDB AUTO_INCREMENT=354 DEFAULT CHARSET=utf8 COLLATE=utf8_unicode_ci;

-- Volcando datos para la tabla fundacite_opsu.recargar: ~8 rows (aproximadamente)
DELETE FROM `recargar`;
/*!40000 ALTER TABLE `recargar` DISABLE KEYS */;
INSERT INTO `recargar` (`id`, `URL`, `actd`, `Accion`) VALUES
	(1, 'uploader/receiver.php', 0, ''),
	(2, 'recargar/recargar.php', 0, ''),
	(3, 'recargar/recargar.php', 0, ''),
	(4, 'sistema/documentos/selectorAnual.php', 0, ''),
	(5, 'sistema/documentos/selectorMes.php', 0, ''),
	(351, 'sistema/index.php', 0, ''),
	(352, 'recargar/recargar.php', 1, ''),
	(353, 'sistema/reportes/pdf_constancia.php', 0, '');
/*!40000 ALTER TABLE `recargar` ENABLE KEYS */;


-- Volcando estructura para tabla fundacite_opsu.registrados
CREATE TABLE IF NOT EXISTS `registrados` (
  `id` int(11) NOT NULL AUTO_INCREMENT,
  `nacionalidad` char(1) COLLATE utf8_unicode_ci NOT NULL DEFAULT '',
  `Usuario` int(11) NOT NULL,
  `cedula` int(11) NOT NULL DEFAULT '0',
  `Nombres` varchar(100) COLLATE utf8_unicode_ci NOT NULL,
  `Apellidos` varchar(100) COLLATE utf8_unicode_ci NOT NULL,
  `sexo` char(1) COLLATE utf8_unicode_ci NOT NULL DEFAULT '',
  `correo` varchar(100) COLLATE utf8_unicode_ci NOT NULL DEFAULT '',
  PRIMARY KEY (`id`),
  UNIQUE KEY `cedula` (`cedula`)
) ENGINE=InnoDB AUTO_INCREMENT=5 DEFAULT CHARSET=utf8 COLLATE=utf8_unicode_ci;

-- Volcando datos para la tabla fundacite_opsu.registrados: ~4 rows (aproximadamente)
DELETE FROM `registrados`;
/*!40000 ALTER TABLE `registrados` DISABLE KEYS */;
INSERT INTO `registrados` (`id`, `nacionalidad`, `Usuario`, `cedula`, `Nombres`, `Apellidos`, `sexo`, `correo`) VALUES
	(1, '', 0, 12345, 'laya', 'juan', '', ''),
	(2, '', 0, 21589306, 'Maria', 'Fernandez', '', ''),
	(3, '', 0, 19191493, 'gabriel', 'rojas', '', ''),
	(4, '', 0, 19191492, 'sadasd', 'asdas', '', '');
/*!40000 ALTER TABLE `registrados` ENABLE KEYS */;


-- Volcando estructura para tabla fundacite_opsu.renuncia
CREATE TABLE IF NOT EXISTS `renuncia` (
  `ren_codigo` int(11) NOT NULL AUTO_INCREMENT,
  `ren_fecreg` date DEFAULT NULL,
  `ren_plancodigo` int(11) NOT NULL,
  `ren_cedula` int(11) DEFAULT NULL,
  `ren_nombre` varchar(100) COLLATE utf8_bin DEFAULT NULL,
  `ren_apellido` varchar(100) COLLATE utf8_bin DEFAULT NULL,
  `ren_nacional` int(11) DEFAULT NULL,
  `ren_anual` int(11) DEFAULT NULL,
  `ren_universidad` varchar(250) COLLATE utf8_bin DEFAULT NULL,
  `ren_carrera` varchar(250) COLLATE utf8_bin DEFAULT NULL,
  `ren_motivo` varchar(250) COLLATE utf8_bin DEFAULT NULL,
  `ren_fecha` date DEFAULT NULL,
  `ren_recepced` int(11) DEFAULT NULL,
  `ren_recepnom` varchar(100) COLLATE utf8_bin DEFAULT NULL,
  `ren_recepape` varchar(100) COLLATE utf8_bin DEFAULT NULL,
  `ren_status` int(11) NOT NULL DEFAULT '1',
  `ren_notifi` int(11) DEFAULT '0',
  PRIMARY KEY (`ren_codigo`),
  UNIQUE KEY `ren_cedula` (`ren_carrera`,`ren_universidad`,`ren_cedula`),
  KEY `FK_renuncia_tools_nacionalidad` (`ren_nacional`),
  KEY `FK_renuncia_plantel` (`ren_plancodigo`),
  KEY `FK_renuncia_tools_status` (`ren_status`),
  CONSTRAINT `FK_renuncia_plantel` FOREIGN KEY (`ren_plancodigo`) REFERENCES `plantel` (`plant_codigo`),
  CONSTRAINT `FK_renuncia_tools_nacionalidad` FOREIGN KEY (`ren_nacional`) REFERENCES `tools_nacionalidad` (`nac_codigo`),
  CONSTRAINT `FK_renuncia_tools_status` FOREIGN KEY (`ren_status`) REFERENCES `tools_status` (`st_codigo`)
) ENGINE=InnoDB AUTO_INCREMENT=6 DEFAULT CHARSET=utf8 COLLATE=utf8_bin;

-- Volcando datos para la tabla fundacite_opsu.renuncia: ~1 rows (aproximadamente)
DELETE FROM `renuncia`;
/*!40000 ALTER TABLE `renuncia` DISABLE KEYS */;
INSERT INTO `renuncia` (`ren_codigo`, `ren_fecreg`, `ren_plancodigo`, `ren_cedula`, `ren_nombre`, `ren_apellido`, `ren_nacional`, `ren_anual`, `ren_universidad`, `ren_carrera`, `ren_motivo`, `ren_fecha`, `ren_recepced`, `ren_recepnom`, `ren_recepape`, `ren_status`, `ren_notifi`) VALUES
	(5, '2017-06-24', 2, 19191493, 'lilia amandas', 'ROJAS', 1, 2017, 'unellez', 'informatica', 'por que si', '0000-00-00', 12204111, 'edgar', 'gomez', 1, 1);
/*!40000 ALTER TABLE `renuncia` ENABLE KEYS */;


-- Volcando estructura para tabla fundacite_opsu.rsni
CREATE TABLE IF NOT EXISTS `rsni` (
  `reg_codigo` int(11) NOT NULL AUTO_INCREMENT,
  `reg_plancodigo` int(11) NOT NULL DEFAULT '0',
  `reg_fecreg` date NOT NULL,
  `reg_cedula` int(11) DEFAULT NULL,
  `reg_nombres` varchar(100) COLLATE utf8_bin DEFAULT NULL,
  `reg_apellidos` varchar(100) COLLATE utf8_bin DEFAULT NULL,
  `reg_caso` varchar(50) COLLATE utf8_bin NOT NULL,
  `reg_correo` varchar(100) COLLATE utf8_bin DEFAULT NULL,
  `reg_telefono` varchar(100) COLLATE utf8_bin DEFAULT NULL,
  `reg_fechaexp` date DEFAULT NULL,
  `reg_consigplan` int(11) NOT NULL DEFAULT '2' COMMENT '1 para SI 2 para NO',
  `reg_consigced` int(11) NOT NULL DEFAULT '2' COMMENT '1 para SI 2 para NO',
  `reg_recpnombre` varchar(100) COLLATE utf8_bin DEFAULT NULL,
  `reg_recepapellido` varchar(100) COLLATE utf8_bin DEFAULT NULL,
  `reg_recepcedula` int(11) DEFAULT NULL,
  `reg_recepestado` int(11) DEFAULT NULL,
  `reg_status` int(11) DEFAULT NULL,
  `reg_notifi` int(11) NOT NULL DEFAULT '0',
  PRIMARY KEY (`reg_codigo`),
  KEY `FK_rsni_tools_status` (`reg_status`),
  KEY `FK_rsni_c_estados` (`reg_recepestado`),
  KEY `FK_rsni_plantel` (`reg_plancodigo`),
  CONSTRAINT `FK_rsni_c_estados` FOREIGN KEY (`reg_recepestado`) REFERENCES `tools_estados` (`est_codigo`),
  CONSTRAINT `FK_rsni_plantel` FOREIGN KEY (`reg_plancodigo`) REFERENCES `plantel` (`plant_codigo`),
  CONSTRAINT `FK_rsni_tools_status` FOREIGN KEY (`reg_status`) REFERENCES `tools_status` (`st_codigo`)
) ENGINE=InnoDB AUTO_INCREMENT=5 DEFAULT CHARSET=utf8 COLLATE=utf8_bin;

-- Volcando datos para la tabla fundacite_opsu.rsni: ~2 rows (aproximadamente)
DELETE FROM `rsni`;
/*!40000 ALTER TABLE `rsni` DISABLE KEYS */;
INSERT INTO `rsni` (`reg_codigo`, `reg_plancodigo`, `reg_fecreg`, `reg_cedula`, `reg_nombres`, `reg_apellidos`, `reg_caso`, `reg_correo`, `reg_telefono`, `reg_fechaexp`, `reg_consigplan`, `reg_consigced`, `reg_recpnombre`, `reg_recepapellido`, `reg_recepcedula`, `reg_recepestado`, `reg_status`, `reg_notifi`) VALUES
	(3, 2, '2017-06-25', 19191493, 'lilia amandas', 'ROJAS', 'DESBLOQUEO', 'karpofv.89@gmail.com', '04124289536', '2017-06-21', 1, 0, 'edgar', 'gomez', 12204111, 6, 1, 1),
	(4, 2, '2017-06-25', 19191492, 'LILIA AMANDA', 'ROJAS', 'ELIMINACION', 'karpofv.89@gmail.com', '04124289536', '2017-06-21', 1, 2, 'edgar', 'gomez', 12204111, 1, 1, 1);
/*!40000 ALTER TABLE `rsni` ENABLE KEYS */;


-- Volcando estructura para tabla fundacite_opsu.sexo
CREATE TABLE IF NOT EXISTS `sexo` (
  `id` int(11) NOT NULL AUTO_INCREMENT,
  `Nombre` varchar(200) COLLATE utf8_unicode_ci NOT NULL,
  PRIMARY KEY (`id`)
) ENGINE=InnoDB AUTO_INCREMENT=3 DEFAULT CHARSET=utf8 COLLATE=utf8_unicode_ci COMMENT='Sexo';

-- Volcando datos para la tabla fundacite_opsu.sexo: ~2 rows (aproximadamente)
DELETE FROM `sexo`;
/*!40000 ALTER TABLE `sexo` DISABLE KEYS */;
INSERT INTO `sexo` (`id`, `Nombre`) VALUES
	(1, 'Masculino'),
	(2, 'Femenino');
/*!40000 ALTER TABLE `sexo` ENABLE KEYS */;


-- Volcando estructura para tabla fundacite_opsu.tools_estados
CREATE TABLE IF NOT EXISTS `tools_estados` (
  `est_codigo` int(11) NOT NULL AUTO_INCREMENT,
  `est_ciudad` int(11) NOT NULL,
  `est_descripcion` varchar(100) COLLATE utf8_unicode_ci NOT NULL,
  PRIMARY KEY (`est_codigo`)
) ENGINE=InnoDB AUTO_INCREMENT=26 DEFAULT CHARSET=utf8 COLLATE=utf8_unicode_ci COMMENT='Ingresar Estados';

-- Volcando datos para la tabla fundacite_opsu.tools_estados: ~25 rows (aproximadamente)
DELETE FROM `tools_estados`;
/*!40000 ALTER TABLE `tools_estados` DISABLE KEYS */;
INSERT INTO `tools_estados` (`est_codigo`, `est_ciudad`, `est_descripcion`) VALUES
	(1, 1, 'DISTRITO CAPITAL'),
	(2, 1, 'AMAZONAS'),
	(3, 1, 'ANZOÁTEGUI'),
	(4, 1, 'APURE'),
	(5, 1, 'ARAGUA'),
	(6, 1, 'BARINAS'),
	(7, 1, 'BOLÍVAR'),
	(8, 1, 'CARABOBO'),
	(9, 1, 'COJEDES'),
	(10, 1, 'DELTA AMACURO'),
	(11, 1, 'FALCÓN'),
	(12, 1, 'GUÁRICO'),
	(13, 1, 'LARA'),
	(14, 1, 'MÉRIDA'),
	(15, 1, 'MIRANDA'),
	(16, 1, 'MONAGAS'),
	(17, 1, 'NUEVA ESPARTA'),
	(18, 1, 'PORTUGUESA'),
	(19, 1, 'SUCRE'),
	(20, 1, 'TÁCHIRA'),
	(21, 1, 'TRUJILLO'),
	(22, 1, 'YARACUY'),
	(23, 1, 'ZULIA'),
	(24, 1, 'VARGAS'),
	(25, 1, 'DEPENDENCIAS FEDERALES');
/*!40000 ALTER TABLE `tools_estados` ENABLE KEYS */;


-- Volcando estructura para tabla fundacite_opsu.tools_municipios
CREATE TABLE IF NOT EXISTS `tools_municipios` (
  `mun_codigo` int(11) NOT NULL AUTO_INCREMENT,
  `mun_descripcion` varchar(100) COLLATE utf8_unicode_ci NOT NULL,
  `mun_estcodigo` int(11) NOT NULL,
  PRIMARY KEY (`mun_codigo`)
) ENGINE=InnoDB AUTO_INCREMENT=336 DEFAULT CHARSET=utf8 COLLATE=utf8_unicode_ci COMMENT='Ingresar Municipio';

-- Volcando datos para la tabla fundacite_opsu.tools_municipios: ~335 rows (aproximadamente)
DELETE FROM `tools_municipios`;
/*!40000 ALTER TABLE `tools_municipios` DISABLE KEYS */;
INSERT INTO `tools_municipios` (`mun_codigo`, `mun_descripcion`, `mun_estcodigo`) VALUES
	(1, 'Municipio Libertador', 1),
	(2, 'Municipio Autónomo Alto Orinoco', 2),
	(3, 'Municipio Autónomo Atabapo', 2),
	(4, 'Municipio Autónomo Atures', 2),
	(5, 'Municipio Autónomo Autana', 2),
	(6, 'Municipio Autónomo Maroa', 2),
	(7, 'Municipio Autónomo Manapiare', 2),
	(8, 'Municipio Autónomo Río Negro', 2),
	(9, 'Municipio Anaco', 3),
	(10, 'Municipio Aragua', 3),
	(11, 'Municipio Fernando de Peñalver', 3),
	(12, 'Municipio Francisco del Carmen Carvajal', 3),
	(13, 'Municipio Francisco de Miranda', 3),
	(14, 'Municipio Guanta', 3),
	(15, 'Municipio Independencia', 3),
	(16, 'Municipio Juan Antonio Sotillo', 3),
	(17, 'Municipio Juan Manuel Cajigal', 3),
	(18, 'Municipio José Gregorio Monagas', 3),
	(19, 'Municipio Libertad', 3),
	(20, 'Municipio Manuel Ezequiel Bruzual', 3),
	(21, 'Municipio Pedro María Freites', 3),
	(22, 'Municipio Píritu', 3),
	(23, 'Municipio San José de Guanipa', 3),
	(24, 'Municipio San Juan de Capistrano', 3),
	(25, 'Municipio Santa Ana', 3),
	(26, 'Municipio Simón Bolívar', 3),
	(27, 'Municipio Simón Rodríguez', 3),
	(28, 'Municipio Sir Arthur Mc Gregor', 3),
	(29, 'Municipio Turístico Diego Bautista Urbaneja', 3),
	(30, 'Municipio Achaguas', 4),
	(31, 'Municipio Biruaca', 4),
	(32, 'Municipio Muñoz', 4),
	(33, 'Municipio Páez', 4),
	(34, 'Municipio Pedro Camejo', 4),
	(35, 'Municipio Rómulo Gallegos', 4),
	(36, 'Municipio San Fernando', 4),
	(37, 'Municipio Bolívar', 5),
	(38, 'Municipio Camatagua', 5),
	(39, 'Municipio Girardot ', 5),
	(40, 'Municipio José Angel Lamas', 5),
	(41, 'Municipio José Félix Ribas', 5),
	(42, 'Municipio José Rafael Revenga', 5),
	(43, 'Municipio Libertador', 5),
	(44, 'Municipio Mario Briceño Iragorry', 5),
	(45, 'Municipio San Casimiro', 5),
	(46, 'Municipio San Sebastián', 5),
	(47, 'Municipio Santiago Mariño', 5),
	(48, 'Municipio Santos Michelena', 5),
	(49, 'Municipio Sucre', 5),
	(50, 'Municipio Tovar', 5),
	(51, 'Municipio Urdaneta', 5),
	(52, 'Municipio Zamora', 5),
	(53, 'Municipio Francisco Linares Alcántara', 5),
	(54, 'Municipio Ocumare de La Costa de Oro', 5),
	(55, 'Municipio Alberto Arvelo Torrealba', 6),
	(56, 'Municipio Antonio José de Sucre', 6),
	(57, 'Municipio Arismendi', 6),
	(58, 'Municipio Barinas', 6),
	(59, 'Municipio Bolívar', 6),
	(60, 'Municipio Cruz Paredes', 6),
	(61, 'Municipio Ezequiel Zamora', 6),
	(62, 'Municipio Obispos', 6),
	(63, 'Municipio Pedraza', 6),
	(64, 'Municipio Rojas', 6),
	(65, 'Municipio Sosa', 6),
	(66, 'Municipio Andrés Eloy Blanco', 6),
	(67, 'Municipio Caroní', 7),
	(68, 'Municipio Cedeño', 7),
	(69, 'Municipio El Callao', 7),
	(70, 'Municipio Gran Sabana', 7),
	(71, 'Municipio Heres', 7),
	(72, 'Municipio Piar', 7),
	(73, 'Municipio Raúl Leoni', 7),
	(74, 'Municipio Roscio', 7),
	(75, 'Municipio Sifontes', 7),
	(76, 'Municipio Sucre', 7),
	(77, 'Municipio Padre Pedro Chien', 7),
	(78, 'Municipio Bejuma', 8),
	(79, 'Municipio Carlos Arvelo', 8),
	(80, 'Municipio Diego Ibarra', 8),
	(81, 'Municipio Guacara', 8),
	(82, 'Municipio Juan José Mora', 8),
	(83, 'Municipio Libertador', 8),
	(84, 'Municipio Los Guayos', 8),
	(85, 'Municipio Miranda', 8),
	(86, 'Municipio Montalbán', 8),
	(87, 'Municipio Naguanagua', 8),
	(88, 'Municipio Puerto Cabello', 8),
	(89, 'Municipio San Diego', 8),
	(90, 'Municipio San Joaquín', 8),
	(91, 'Municipio Valencia', 8),
	(92, 'Municipio Anzoátegui', 9),
	(93, 'Municipio Falcón', 9),
	(94, 'Municipio Girardot', 9),
	(95, 'Municipio Lima Blanco', 9),
	(96, 'Municipio Pao de San Juan Bautista', 9),
	(97, 'Municipio Ricaurte', 9),
	(98, 'Municipio Rómulo Gallegos', 9),
	(99, 'Municipio San Carlos', 9),
	(100, 'Municipio Tinaco', 9),
	(101, 'Municipio Antonio Díaz', 10),
	(102, 'Municipio Casacoima', 10),
	(103, 'Municipio Pedernales', 10),
	(104, 'Municipio Tucupita', 10),
	(105, 'Municipio Acosta', 11),
	(106, 'Municipio Bolívar', 11),
	(107, 'Municipio Buchivacoa', 11),
	(108, 'Municipio Cacique Manaure', 11),
	(109, 'Municipio Carirubana', 11),
	(110, 'Municipio Colina', 11),
	(111, 'Municipio Dabajuro', 11),
	(112, 'Municipio Democracia', 11),
	(113, 'Municipio Falcón', 11),
	(114, 'Municipio Federación', 11),
	(115, 'Municipio Jacura', 11),
	(116, 'Municipio Los Taques', 11),
	(117, 'Municipio Mauroa', 11),
	(118, 'Municipio Miranda', 11),
	(119, 'Municipio Monseñor Iturriza', 11),
	(120, 'Municipio Palmasola', 11),
	(121, 'Municipio Petit', 11),
	(122, 'Municipio Píritu', 11),
	(123, 'Municipio San Francisco', 11),
	(124, 'Municipio Silva', 11),
	(125, 'Municipio Sucre', 11),
	(126, 'Municipio Tocópero', 11),
	(127, 'Municipio Unión', 11),
	(128, 'Municipio Urumaco', 11),
	(129, 'Municipio Zamora', 11),
	(130, 'Municipio Camaguán', 12),
	(131, 'Municipio Chaguaramas', 12),
	(132, 'Municipio El Socorro', 12),
	(133, 'Municipio San Gerónimo de Guayabal', 12),
	(134, 'Municipio Leonardo Infante', 12),
	(135, 'Municipio Las Mercedes', 12),
	(136, 'Municipio Julián Mellado', 12),
	(137, 'Municipio Francisco de Miranda', 12),
	(138, 'Municipio José Tadeo Monagas', 12),
	(139, 'Municipio Ortiz', 12),
	(140, 'Municipio José Félix Ribas', 12),
	(141, 'Municipio Juan Germán Roscio', 12),
	(142, 'Municipio San José de Guaribe', 12),
	(143, 'Municipio Santa María de Ipire', 12),
	(144, 'Municipio Pedro Zaraza', 12),
	(145, 'Municipio Andrés Eloy Blanco', 13),
	(146, 'Municipio Crespo', 13),
	(147, 'Municipio Iribarren', 13),
	(148, 'Municipio Jiménez', 13),
	(149, 'Municipio Morán', 13),
	(150, 'Municipio Palavecino', 13),
	(151, 'Municipio Simón Planas', 13),
	(152, 'Municipio Torres', 13),
	(153, 'Municipio Urdaneta', 13),
	(154, 'Municipio Alberto Adriani ', 14),
	(155, 'Municipio Andrés Bello', 14),
	(156, 'Municipio Antonio Pinto Salinas', 14),
	(157, 'Municipio Aricagua ', 14),
	(158, 'Municipio Arzobispo Chacón', 14),
	(159, 'Municipio Campo Elías ', 14),
	(160, 'Municipio Caracciolo Parra Olmedo ', 14),
	(161, 'Municipio Cardenal Quintero ', 14),
	(162, 'Municipio Guaraque ', 14),
	(163, 'Municipio Julio César Salas ', 14),
	(164, 'Municipio Justo Briceño', 14),
	(165, 'Municipio Libertador ', 14),
	(166, 'Municipio Miranda', 14),
	(167, 'Municipio Obispo Ramos de Lora ', 14),
	(168, 'Municipio Padre Noguera ', 14),
	(169, 'Municipio Pueblo Llano ', 14),
	(170, 'Municipio Rangel', 14),
	(171, 'Municipio Rivas Dávila', 14),
	(172, 'Municipio Santos Marquina ', 14),
	(173, 'Municipio Sucre', 14),
	(174, 'Municipio Tovar', 14),
	(175, 'Municipio Tulio Febres Cordero ', 14),
	(176, 'Municipio Zea', 14),
	(177, 'Municipio Acevedo', 15),
	(178, 'Municipio Andrés Bello', 15),
	(179, 'Municipio Baruta', 15),
	(180, 'Municipio Brión', 15),
	(181, 'Municipio Buroz', 15),
	(182, 'Municipio Carrizal ', 15),
	(183, 'Municipio Chacao', 15),
	(184, 'Municipio Cristóbal Rojas', 15),
	(185, 'Municipio El Hatillo', 15),
	(186, 'Municipio Guaicaipuro', 15),
	(187, 'Municipio Independencia', 15),
	(188, 'Municipio Lander', 15),
	(189, 'Municipio Los Salias', 15),
	(190, 'Municipio Páez', 15),
	(191, 'Municipio Paz Castillo', 15),
	(192, 'Municipio Pedro Gual', 15),
	(193, 'Municipio Plaza', 15),
	(194, 'Municipio Simón Bolívar', 15),
	(195, 'Municipio Sucre', 15),
	(196, 'Municipio Urdaneta', 15),
	(197, 'Municipio Zamora', 15),
	(198, 'Municipio Acosta', 16),
	(199, 'Municipio Aguasay', 16),
	(200, 'Municipio Bolívar', 16),
	(201, 'Municipio Caripe', 16),
	(202, 'Municipio Cedeño', 16),
	(203, 'Municipio Ezequiel Zamora', 16),
	(204, 'Municipio Libertador', 16),
	(205, 'Municipio Maturín', 16),
	(206, 'Municipio Piar', 16),
	(207, 'Municipio Punceres', 16),
	(208, 'Municipio Santa Bárbara', 16),
	(209, 'Municipio Sotillo', 16),
	(210, 'Municipio Uracoa', 16),
	(211, 'Municipio Antolín del Campo', 17),
	(212, 'Municipio Arismendi', 17),
	(213, 'Municipio Díaz', 17),
	(214, 'Municipio García', 17),
	(215, 'Municipio Gómez', 17),
	(216, 'Municipio Maneiro', 17),
	(217, 'Municipio Marcano', 17),
	(218, 'Municipio Mariño', 17),
	(219, 'Municipio Península de Macanao', 17),
	(220, 'Municipio Tubores', 17),
	(221, 'Municipio Villalba', 17),
	(222, 'Municipio Agua Blanca', 18),
	(223, 'Municipio Araure', 18),
	(224, 'Municipio Esteller', 18),
	(225, 'Municipio Guanare', 18),
	(226, 'Municipio Guanarito', 18),
	(227, 'Municipio Monseñor José Vicente de Unda', 18),
	(228, 'Municipio Ospino', 18),
	(229, 'Municipio Páez', 18),
	(230, 'Municipio Papelón', 18),
	(231, 'Municipio San Genaro de Boconoito', 18),
	(232, 'Municipio San Rafael de Onoto', 18),
	(233, 'Municipio Santa Rosalía', 18),
	(234, 'Municipio Sucre', 18),
	(235, 'Municipio Turén', 18),
	(236, 'Municipio Andrés Eloy Blanco', 19),
	(237, 'Municipio Andrés Mata', 19),
	(238, 'Municipio Arismendi', 19),
	(239, 'Municipio Benítez', 19),
	(240, 'Municipio Bermúdez', 19),
	(241, 'Municipio Bolívar', 19),
	(242, 'Municipio Cajigal', 19),
	(243, 'Municipio Cruz Salmerón Acosta', 19),
	(244, 'Municipio Libertador', 19),
	(245, 'Municipio Mariño', 19),
	(246, 'Municipio Mejía', 19),
	(247, 'Municipio Montes', 19),
	(248, 'Municipio Ribero', 19),
	(249, 'Municipio Sucre', 19),
	(250, 'Municipio Valdez', 19),
	(251, 'Municipio Andrés Bello', 20),
	(252, 'Municipio Antonio Rómulo Costa', 20),
	(253, 'Municipio Ayacucho', 20),
	(254, 'Municipio Bolívar', 20),
	(255, 'Municipio Cárdenas', 20),
	(256, 'Municipio Córdoba', 20),
	(257, 'Municipio Fernández Feo', 20),
	(258, 'Municipio Francisco de Miranda', 20),
	(259, 'Municipio García de Hevia', 20),
	(260, 'Municipio Guásimos', 20),
	(261, 'Municipio Independencia', 20),
	(262, 'Municipio Jáuregui', 20),
	(263, 'Municipio José María Vargas', 20),
	(264, 'Municipio Junín', 20),
	(265, 'Municipio Libertad', 20),
	(266, 'Municipio Libertador', 20),
	(267, 'Municipio Lobatera', 20),
	(268, 'Municipio Michelena', 20),
	(269, 'Municipio Panamericano', 20),
	(270, 'Municipio Pedro María Ureña', 20),
	(271, 'Municipio Rafael Urdaneta', 20),
	(272, 'Municipio Samuel Darío Maldonado', 20),
	(273, 'Municipio San Cristóbal', 20),
	(274, 'Municipio Seboruco', 20),
	(275, 'Municipio Simón Rodríguez', 20),
	(276, 'Municipio Sucre', 20),
	(277, 'Municipio Torbes', 20),
	(278, 'Municipio Uribante', 20),
	(279, 'Municipio San Judas Tadeo', 20),
	(280, 'Municipio Andrés Bello', 21),
	(281, 'Municipio Boconó', 21),
	(282, 'Municipio Bolívar', 21),
	(283, 'Municipio Candelaria', 21),
	(284, 'Municipio Carache', 21),
	(285, 'Municipio Escuque', 21),
	(286, 'Municipio José Felipe Márquez Cañizales', 21),
	(287, 'Municipio Juan Vicente Campo Elías', 21),
	(288, 'Municipio La Ceiba', 21),
	(289, 'Municipio Miranda', 21),
	(290, 'Municipio Monte Carmelo', 21),
	(291, 'Municipio Motatán', 21),
	(292, 'Municipio Pampán', 21),
	(293, 'Municipio Pampanito', 21),
	(294, 'Municipio Rafael Rangel', 21),
	(295, 'Municipio San Rafael de Carvajal', 21),
	(296, 'Municipio Sucre', 21),
	(297, 'Municipio Trujillo', 21),
	(298, 'Municipio Urdaneta', 21),
	(299, 'Municipio Valera', 21),
	(300, 'Municipio Arístides Bastidas', 22),
	(301, 'Municipio Bolívar', 22),
	(302, 'Municipio Bruzual', 22),
	(303, 'Municipio Cocorote', 22),
	(304, 'Municipio Independencia', 22),
	(305, 'Municipio José Antonio Páez', 22),
	(306, 'Municipio La Trinidad', 22),
	(307, 'Municipio Manuel Monge', 22),
	(308, 'Municipio Nirgua', 22),
	(309, 'Municipio Peña', 22),
	(310, 'Municipio San Felipe', 22),
	(311, 'Municipio Sucre', 22),
	(312, 'Municipio Urachiche', 22),
	(313, 'Municipio Veroes', 22),
	(314, 'Municipio Almirante Padilla', 23),
	(315, 'Municipio Baralt', 23),
	(316, 'Municipio Cabimas', 23),
	(317, 'Municipio Catatumbo', 23),
	(318, 'Municipio Colón', 23),
	(319, 'Municipio Francisco Javier Pulgar', 23),
	(320, 'Municipio Jesús Enrique Lossada', 23),
	(321, 'Municipio Jesús María Semprúm', 23),
	(322, 'Municipio La Cañada de Urdaneta', 23),
	(323, 'Municipio Lagunillas', 23),
	(324, 'Municipio Machiques de Perijá', 23),
	(325, 'Municipio Mara', 23),
	(326, 'Municipio Maracaibo', 23),
	(327, 'Municipio Miranda', 23),
	(328, 'Municipio Páez', 23),
	(329, 'Municipio Rosario de Perijá', 23),
	(330, 'Municipio San Francisco', 23),
	(331, 'Municipio Santa Rita', 23),
	(332, 'Municipio Simón Bolívar', 23),
	(333, 'Municipio Sucre', 23),
	(334, 'Municipio Valmore Rodríguez', 23),
	(335, 'Municipio Vargas', 24);
/*!40000 ALTER TABLE `tools_municipios` ENABLE KEYS */;


-- Volcando estructura para tabla fundacite_opsu.tools_nacionalidad
CREATE TABLE IF NOT EXISTS `tools_nacionalidad` (
  `nac_codigo` int(11) NOT NULL AUTO_INCREMENT,
  `nac_descripcion` varchar(50) COLLATE utf8_bin NOT NULL,
  PRIMARY KEY (`nac_codigo`)
) ENGINE=InnoDB AUTO_INCREMENT=3 DEFAULT CHARSET=utf8 COLLATE=utf8_bin;

-- Volcando datos para la tabla fundacite_opsu.tools_nacionalidad: ~2 rows (aproximadamente)
DELETE FROM `tools_nacionalidad`;
/*!40000 ALTER TABLE `tools_nacionalidad` DISABLE KEYS */;
INSERT INTO `tools_nacionalidad` (`nac_codigo`, `nac_descripcion`) VALUES
	(1, 'VENEZOLANO(A)'),
	(2, 'EXTRANJERO(E)');
/*!40000 ALTER TABLE `tools_nacionalidad` ENABLE KEYS */;


-- Volcando estructura para tabla fundacite_opsu.tools_parroquia
CREATE TABLE IF NOT EXISTS `tools_parroquia` (
  `par_codigo` int(11) NOT NULL AUTO_INCREMENT,
  `par_descripcion` varchar(100) COLLATE utf8_unicode_ci NOT NULL,
  `par_muncodigo` int(11) NOT NULL,
  PRIMARY KEY (`par_codigo`)
) ENGINE=InnoDB AUTO_INCREMENT=1134 DEFAULT CHARSET=utf8 COLLATE=utf8_unicode_ci COMMENT='Ingresar Parroquia';

-- Volcando datos para la tabla fundacite_opsu.tools_parroquia: ~1.133 rows (aproximadamente)
DELETE FROM `tools_parroquia`;
/*!40000 ALTER TABLE `tools_parroquia` DISABLE KEYS */;
INSERT INTO `tools_parroquia` (`par_codigo`, `par_descripcion`, `par_muncodigo`) VALUES
	(1, 'Parroquia Altagracia', 1),
	(2, 'Parroquia Antímano', 1),
	(3, 'Parroquia Candelaria', 1),
	(4, 'Parroquia Caricuao', 1),
	(5, 'Parroquia Catedral', 1),
	(6, 'Parroquia Coche', 1),
	(7, 'Parroquia El Junquito', 1),
	(8, 'Parroquia El Paraíso', 1),
	(9, 'Parroquia El Recreo', 1),
	(10, 'Parroquia El Valle', 1),
	(11, 'Parroquia La Pastora', 1),
	(12, 'Parroquia La Vega', 1),
	(13, 'Parroquia Macarao', 1),
	(14, 'Parroquia San Agustín', 1),
	(15, 'Parroquia San Bernardino', 1),
	(16, 'Parroquia San José', 1),
	(17, 'Parroquia San Juan', 1),
	(18, 'Parroquia San Pedro', 1),
	(19, 'Parroquia Santa Rosalía', 1),
	(20, 'Parroquia Santa Teresa', 1),
	(21, 'Parroquia Sucre', 1),
	(22, 'Parroquia 23 de Enero', 1),
	(23, 'Parroquia Capital Alto Orinoco', 2),
	(24, 'Parroquia Huachamacare', 2),
	(25, 'Parroquia Marawaka', 2),
	(26, 'Parroquia Mavaca', 2),
	(27, 'Parroquia Sierra Parima', 2),
	(28, 'Parroquia Ucata', 3),
	(29, 'Parroquia Yapacana', 3),
	(30, 'Parroquia Caname', 3),
	(31, 'Parroquia Fernando Girón Tovar', 4),
	(32, 'Parroquia Luis Alberto Gómez', 4),
	(33, 'Parroquia Parhueña', 4),
	(34, 'Parroquia Platanillal', 4),
	(35, 'Parroquia Samariapo', 5),
	(36, 'Parroquia Sipapo', 5),
	(37, 'Parroquia Munduapo', 5),
	(38, 'Parroquia Guayapo', 5),
	(39, 'Parroquia Victorino', 6),
	(40, 'Parroquia Comunidad', 6),
	(41, 'Parroquia Alto Ventuari', 7),
	(42, 'Parroquia Medio Ventuari', 7),
	(43, 'Parroquia Bajo Ventuari', 7),
	(44, 'Parroquia Capital Río Negro', 8),
	(45, 'Parroquia Solano', 8),
	(46, 'Parroquia Casiquiare', 8),
	(47, 'Parroquia Cocuy', 8),
	(48, 'Parroquia Capital Anaco ', 9),
	(49, 'Parroquia San Joaquín', 9),
	(50, 'Parroquia Capital Aragua', 10),
	(51, 'Parroquia Cachipo', 10),
	(52, 'Parroquia Capital Fernando de Peñalver', 11),
	(53, 'Parroquia San Miguel', 11),
	(54, 'Parroquia Sucre', 11),
	(55, 'Parroquia Valle de Guanape', 12),
	(56, 'Parroquia Santa Bárbara', 12),
	(57, 'Parroquia Capital Francisco de Miranda', 13),
	(58, 'Parroquia Atapirire', 13),
	(59, 'Parroquia Boca del Pao', 13),
	(60, 'Parroquia El Pao', 13),
	(61, 'Parroquia Múcura', 13),
	(62, 'Parroquia Guanta', 14),
	(63, 'Parroquia Chorrerón', 14),
	(64, 'Parroquia Capital Independencia', 15),
	(65, 'Parroquia Mamo', 15),
	(66, 'Parroquia Capital Puerto La Cruz', 16),
	(67, 'Parroquia Pozuelos', 16),
	(68, 'Parroquia Capital Onoto', 17),
	(69, 'Parroquia San Pablo', 17),
	(70, 'Parroquia Capital José Gregorio Monagas', 18),
	(71, 'Parroquia Piar', 18),
	(72, 'Parroquia San Diego de Cabrutica', 18),
	(73, 'Parroquia Santa Clara', 18),
	(74, 'Parroquia Uverito', 18),
	(75, 'Parroquia Zuata', 18),
	(76, 'Parroquia Capital Libertad', 19),
	(77, 'Parroquia El Carito', 19),
	(78, 'Parroquia Santa Inés', 19),
	(79, 'Parroquia Capital Clarines', 20),
	(80, 'Parroquia Guanape', 20),
	(81, 'Parroquia Sabana de Uchire', 20),
	(82, 'Parroquia Capital Pedro María Freites', 21),
	(83, 'Parroquia Libertador', 21),
	(84, 'Parroquia Santa Rosa', 21),
	(85, 'Parroquia Urica', 21),
	(86, 'Parroquia Capital Píritu', 22),
	(87, 'Parroquia San Francisco', 22),
	(88, 'Parroquia Capital San José de Guanipa', 23),
	(89, 'Parroquia Capital Boca de Uchire', 24),
	(90, 'Parroquia Boca de Chávez', 24),
	(91, 'Parroquia Capital Santa Ana', 25),
	(92, 'Parroquia Pueblo Nuevo', 25),
	(93, 'Parroquia El Carmen', 26),
	(94, 'Parroquia San Cristóbal', 26),
	(95, 'Parroquia Bergantín', 26),
	(96, 'Parroquia Caigua', 26),
	(97, 'Parroquia El Pilar', 26),
	(98, 'Parroquia Naricual', 26),
	(99, 'Parroquia Edmundo Barrios', 27),
	(100, 'Parroquia Miguel Otero Silva ', 27),
	(101, 'Parroquia El Chaparro', 28),
	(102, 'Parroquia Tomás Alfaro Calatrava', 28),
	(103, 'Parroquia Lecherías', 29),
	(104, 'Parroquia El Morro', 29),
	(105, 'Parroquia Urbana Achaguas', 30),
	(106, 'Parroquia Apurito', 30),
	(107, 'Parroquia El Yagual', 30),
	(108, 'Parroquia Guachara', 30),
	(109, 'Parroquia Mucuritas', 30),
	(110, 'Parroquia Queseras del Medio', 30),
	(111, 'Parroquia Urbana Biruaca', 31),
	(112, 'Parroquia Urbana Bruzual', 32),
	(113, 'Parroquia Mantecal', 32),
	(114, 'Parroquia Quintero', 32),
	(115, 'Parroquia Rincón Hondo', 32),
	(116, 'Parroquia San Vicente', 32),
	(117, 'Parroquia Urbana Guasdualito', 33),
	(118, 'Parroquia Aramendi', 33),
	(119, 'Parroquia El Amparo', 33),
	(120, 'Parroquia San Camilo', 33),
	(121, 'Parroquia Urdaneta', 33),
	(122, 'Parroquia Urbana San Juan de Payara', 34),
	(123, 'Parroquia Codazzi', 34),
	(124, 'Parroquia Cunaviche', 34),
	(125, 'Parroquia Urbana Elorza', 35),
	(126, 'Parroquia La Trinidad', 35),
	(127, 'Parroquia Urbana San Fernando', 36),
	(128, 'Parroquia El Recreo', 36),
	(129, 'Parroquia Peñalver', 36),
	(130, 'Parroquia San Rafael de Atamaica', 36),
	(131, 'Parroquia Capital Bolívar', 37),
	(132, 'Parroquia Capital Camatagua', 38),
	(133, 'Parroquia No Urbana Carmen de Cura', 38),
	(134, 'Parroquia No Urbana Choroní ', 39),
	(135, 'Parroquia Urbana Las Delicias', 39),
	(136, 'Parroquia Urbana Madre María de San José', 39),
	(137, 'Parroquia Urbana Joaquín Crespo', 39),
	(138, 'Parroquia Urbana Pedro José Ovalles', 39),
	(139, 'Parroquia Urbana José Casanova Godoy', 39),
	(140, 'Parroquia Urbana Andrés Eloy Blanco', 39),
	(141, 'Parroquia Urbana Los Tacariguas', 39),
	(142, 'Parroquia Capital José Angel Lamas', 40),
	(143, 'Parroquia Capital José Félix Ribas', 41),
	(144, 'Parroquia Castor Nieves Ríos', 41),
	(145, 'Parroquia No Urbana Las Guacamayas', 41),
	(146, 'Parroquia No Urbana Pao de Zárate', 41),
	(147, 'Parroquia No Urbana Zuata', 41),
	(148, 'Parroquia Capital José Rafael Revenga', 42),
	(149, 'Parroquia Capital Libertador', 43),
	(150, 'Parroquia No Urbana San Martín de Porres', 43),
	(151, 'Parroquia Capital Mario Briceño Iragorry', 44),
	(152, 'Parroquia Caña de Azúcar', 44),
	(153, 'Parroquia Capital San Casimiro', 45),
	(154, 'Parroquia No Urbana Güiripa', 45),
	(155, 'Parroquia No Urbana Ollas de Caramacate', 45),
	(156, 'Parroquia No Urbana Valle Morín', 45),
	(157, 'Parroquia Capital San Sebastian', 46),
	(158, 'Parroquia Capital Santiago Mariño', 47),
	(159, 'Parroquia No Urbana Arévalo Aponte', 47),
	(160, 'Parroquia No Urbana Chuao', 47),
	(161, 'Parroquia No Urbana Samán de Güere', 47),
	(162, 'Parroquia No Urbana Alfredo Pacheco Miranda', 47),
	(163, 'Parroquia Capital Santos Michelena', 48),
	(164, 'Parroquia No Urbana Tiara', 48),
	(165, 'Parroquia Capital Sucre', 49),
	(166, 'Parroquia No Urbana Bella Vista', 49),
	(167, 'Parroquia Capital Tovar', 50),
	(168, 'Parroquia Capital Urdaneta', 51),
	(169, 'Parroquia No Urbana Las Peñitas', 51),
	(170, 'Parroquia No Urbana San Francisco de Cara', 51),
	(171, 'Parroquia No Urbana Taguay', 51),
	(172, 'Parroquia Capital Zamora', 52),
	(173, 'Parroquia No Urbana Magdaleno', 52),
	(174, 'Parroquia No Urbana San Francisco de Asís', 52),
	(175, 'Parroquia No Urbana Valles de Tucutunemo', 52),
	(176, 'Parroquia No Urbana Augusto Mijares', 52),
	(177, 'Parroquia Capital Francisco Linares Alcántara', 53),
	(178, 'Parroquia No Urbana Francisco de Miranda', 53),
	(179, 'Parroquia No Urbana Monseñor Feliciano González', 53),
	(180, 'Parroquia Capital Ocumare de la Costa de Oro', 54),
	(181, 'Parroquia Sabaneta', 55),
	(182, 'Parroquia Rodríguez Domínguez', 55),
	(183, 'Parroquia Ticoporo', 56),
	(184, 'Parroquia Andrés Bello', 56),
	(185, 'Parroquia Nicolás Pulido', 56),
	(186, 'Parroquia Arismendi', 57),
	(187, 'Parroquia Guadarrama', 57),
	(188, 'Parroquia La Unión', 57),
	(189, 'Parroquia San Antonio', 57),
	(190, 'Parroquia Barinas', 58),
	(191, 'Parroquia Alfredo Arvelo Larriva', 58),
	(192, 'Parroquia San Silvestre', 58),
	(193, 'Parroquia Santa Inés', 58),
	(194, 'Parroquia Santa Lucía', 58),
	(195, 'Parroquia Torunos', 58),
	(196, 'Parroquia El Carmen', 58),
	(197, 'Parroquia Rómulo Betancourt', 58),
	(198, 'Parroquia Corazón de Jesús', 58),
	(199, 'Parroquia Ramón Ignacio Méndez', 58),
	(200, 'Parroquia Alto Barinas', 58),
	(201, 'Parroquia Manuel Palacio Fajardo', 58),
	(202, 'Parroquia Juan Antonio Rodríguez Domínguez', 58),
	(203, 'Parroquia Dominga Ortiz de Páez', 58),
	(204, 'Parroquia Barinitas', 59),
	(205, 'Parroquia Altamira', 59),
	(206, 'Parroquia Calderas', 59),
	(207, 'Parroquia Barrancas', 60),
	(208, 'Parroquia El Socorro', 60),
	(209, 'Parroquia Masparrito', 60),
	(210, 'Parroquia Santa Bárbara', 61),
	(211, 'Parroquia José Ignacio Del Pumar', 61),
	(212, 'Parroquia Pedro Briceño Méndez', 61),
	(213, 'Parroquia Ramón Ignacio Méndez', 61),
	(214, 'Parroquia Obispos', 62),
	(215, 'Parroquia El Real', 62),
	(216, 'Parroquia La Luz', 62),
	(217, 'Parroquia Los Guasimitos', 62),
	(218, 'Parroquia Ciudad Bolivia', 63),
	(219, 'Parroquia Ignacio Briceño', 63),
	(220, 'Parroquia José Félix Ribas', 63),
	(221, 'Parroquia Libertad', 64),
	(222, 'Parroquia Dolores', 64),
	(223, 'Parroquia Palacios Fajardo', 64),
	(224, 'Parroquia Santa Rosa', 64),
	(225, 'Parroquia Ciudad de Nutrias', 65),
	(226, 'Parroquia El Regalo', 65),
	(227, 'Parroquia Puerto de Nutrias', 65),
	(228, 'Parroquia Santa Catalina', 65),
	(229, 'Parroquia El Cantón', 66),
	(230, 'Parroquia Santa Cruz de Guacas', 66),
	(231, 'Parroquia Puerto Vivas', 66),
	(232, 'Parroquia Cachamay', 67),
	(233, 'Parroquia Chirica', 67),
	(234, 'Parroquia Dalla Costa', 67),
	(235, 'Parroquia Once de Abril', 67),
	(236, 'Parroquia Simón Bolívar', 67),
	(237, 'Parroquia Unare', 67),
	(238, 'Parroquia Universidad', 67),
	(239, 'Parroquia Vista al Sol', 67),
	(240, 'Parroquia Pozo Verde', 67),
	(241, 'Parroquia Yocoima', 67),
	(242, 'Sección Capital Cedeño', 68),
	(243, 'Parroquia Altagracia', 68),
	(244, 'Parroquia Ascensión Farreras', 68),
	(245, 'Parroquia Guaniamo', 68),
	(246, 'Parroquia La Urbana', 68),
	(247, 'Parroquia Pijiguaos', 68),
	(248, 'Parroquia Capital El Callao', 69),
	(249, 'Sección Capital Gran Sabana', 70),
	(250, 'Parroquia Ikabarú', 70),
	(251, 'Parroquia Agua Salada', 71),
	(252, 'Parroquia Catedral', 71),
	(253, 'Parroquia José Antonio Páez', 71),
	(254, 'Parroquia La Sabanita', 71),
	(255, 'Parroquia Marhuanta', 71),
	(256, 'Parroquia Vista Hermosa', 71),
	(257, 'Parroquia Orinoco', 71),
	(258, 'Parroquia Panapana', 71),
	(259, 'Parroquia Zea', 71),
	(260, 'Sección Capital Piar', 72),
	(261, 'Parroquia Andrés Eloy Blanco', 72),
	(262, 'Parroquia Pedro Cova', 72),
	(263, 'Sección Capital Raúl Leoni', 73),
	(264, 'Parroquia Barceloneta', 73),
	(265, 'Parroquia San Francisco', 73),
	(266, 'Parroquia Santa Bárbara', 73),
	(267, 'Sección Capital Roscio', 74),
	(268, 'Parroquia Salom', 74),
	(269, 'Sección Capital Sifontes', 75),
	(270, 'Parroquia Dalla Costa', 75),
	(271, 'Parroquia San Isidro', 75),
	(272, 'Sección Capital Sucre', 76),
	(273, 'Parroquia Aripao', 76),
	(274, 'Parroquia Guarataro', 76),
	(275, 'Parroquia Las Majadas', 76),
	(276, 'Parroquia Moitaco', 76),
	(277, 'Parroquia Capital Padre Pedro Chien', 77),
	(278, 'Parroquia Urbana Bejuma', 78),
	(279, 'Parroquia No Urbana Canoabo', 78),
	(280, 'Parroquia No Urbana Simón Bolívar', 78),
	(281, 'Parroquia Urbana Güigüe', 79),
	(282, 'Parroquia No Urbana Belén', 79),
	(283, 'Parroquia No Urbana Tacarigua', 79),
	(284, 'Parroquia Urbana Aguas Calientes', 80),
	(285, 'Parroquia Urbana Mariara', 80),
	(286, 'Parroquia Urbana Ciudad Alianza', 81),
	(287, 'Parroquia Urbana Guacara', 81),
	(288, 'Parroquia No Urbana Yagua', 81),
	(289, 'Parroquia Urbana Morón', 82),
	(290, 'Parroquia No Urbana Urama', 82),
	(291, 'Parroquia Urbana Tocuyito', 83),
	(292, 'Parroquia Urbana Independencia', 83),
	(293, 'Parroquia Urbana Los Guayos', 84),
	(294, 'Parroquia Urbana Miranda', 85),
	(295, 'Parroquia Urbana Montalbán', 86),
	(296, 'Parroquia Urbana Naguanagua', 87),
	(297, 'Parroquia Urbana Bartolomé Salom', 88),
	(298, 'Parroquia Urbana Democracia', 88),
	(299, 'Parroquia Urbana Fraternidad', 88),
	(300, 'Parroquia Urbana Goaigoaza', 88),
	(301, 'Parroquia Urbana Juan José Flores', 88),
	(302, 'Parroquia Urbana Unión', 88),
	(303, 'Parroquia No Urbana Borburata', 88),
	(304, 'Parroquia No Urbana Patanemo', 88),
	(305, 'Parroquia Urbana San Diego', 89),
	(306, 'Parroquia Urbana San Joaquín', 90),
	(307, 'Parroquia Urbana Candelaria', 91),
	(308, 'Parroquia Urbana Catedral', 91),
	(309, 'Parroquia Urbana El Socorro', 91),
	(310, 'Parroquia Urbana Miguel Peña', 91),
	(311, 'Parroquia Urbana Rafael Urdaneta', 91),
	(312, 'Parroquia Urbana San Blas', 91),
	(313, 'Parroquia Urbana San José', 91),
	(314, 'Parroquia Urbana Santa Rosa', 91),
	(315, 'Parroquia No Urbana Negro Primero', 91),
	(316, 'Parroquia Cojedes', 92),
	(317, 'Parroquia Juan de Mata Suárez', 92),
	(318, 'Parroquia Tinaquillo', 93),
	(319, 'Parroquia El Baúl', 94),
	(320, 'Parroquia Sucre', 94),
	(321, 'Parroquia Macapo', 95),
	(322, 'Parroquia La Aguadita', 95),
	(323, 'Parroquia El Pao', 96),
	(324, 'Parroquia Libertad de Cojedes', 97),
	(325, 'Parroquia El Amparo', 97),
	(326, 'Parroquia Rómulo Gallegos', 98),
	(327, 'Parroquia San Carlos de Austria', 99),
	(328, 'Parroquia Juan Angel Bravo', 99),
	(329, 'Parroquia Manuel Manrique', 99),
	(330, 'Parroquia General en Jefe José Laurencio Silva', 100),
	(331, 'Parroquia Curiapo', 101),
	(332, 'Parroquia Almirante Luis Brión', 101),
	(333, 'Parroquia Francisco Aniceto Lugo', 101),
	(334, 'Parroquia Manuel Renaud', 101),
	(335, 'Parroquia Padre Barral', 101),
	(336, 'Parroquia Santos de Abelgas', 101),
	(337, 'Parroquia Imataca', 102),
	(338, 'Parroquia Cinco de Julio', 102),
	(339, 'Parroquia Juan Bautista Arismendi', 102),
	(340, 'Parroquia Manuel Piar', 102),
	(341, 'Parroquia Rómulo Gallegos', 102),
	(342, 'Parroquia Pedernales', 103),
	(343, 'Parroquia Luis Beltrán Prieto Figueroa', 103),
	(344, 'Parroquia San José', 104),
	(345, 'Parroquia José Vidal Marcano', 104),
	(346, 'Parroquia Juan Millán', 104),
	(347, 'Parroquia Leonardo Ruíz Pineda', 104),
	(348, 'Parroquia Mariscal Antonio José de Sucre', 104),
	(349, 'Parroquia Monseñor Argimiro García', 104),
	(350, 'Parroquia San Rafael', 104),
	(351, 'Parroquia Virgen del Valle', 104),
	(352, 'Parroquia San Juan de los Cayos', 105),
	(353, 'Parroquia Capadare', 105),
	(354, 'Parroquia La Pastora', 105),
	(355, 'Parroquia Libertador', 105),
	(356, 'Parroquia San Luis', 106),
	(357, 'Parroquia Aracua', 106),
	(358, 'Parroquia La Peña', 106),
	(359, 'Parroquia Capatárida', 107),
	(360, 'Parroquia Bariro', 107),
	(361, 'Parroquia Borojó', 107),
	(362, 'Parroquia Guajiro', 107),
	(363, 'Parroquia Seque', 107),
	(364, 'Parroquia Zazárida', 107),
	(365, 'Parroquia Capital Cacique Manaure', 108),
	(366, 'Parroquia Carirubana', 109),
	(367, 'Parroquia Norte', 109),
	(368, 'Parroquia Punta Cardón', 109),
	(369, 'Parroquia Santa Ana', 109),
	(370, 'Parroquia La Vela de Coro', 110),
	(371, 'Parroquia Acurigua', 110),
	(372, 'Parroquia Guaibacoa', 110),
	(373, 'Parroquia Las Calderas', 110),
	(374, 'Parroquia Macoruca', 110),
	(375, 'Parroquia Capital Dabarujo', 111),
	(376, 'Parroquia Pedregal', 112),
	(377, 'Parroquia Agua Clara', 112),
	(378, 'Parroquia Avaria', 112),
	(379, 'Parroquia Piedra Grande', 112),
	(380, 'Parroquia Purureche', 112),
	(381, 'Parroquia Pueblo Nuevo', 113),
	(382, 'Parroquia Adícora', 113),
	(383, 'Parroquia Baraived', 113),
	(384, 'Parroquia Buena Vista', 113),
	(385, 'Parroquia Jadacaquiva', 113),
	(386, 'Parroquia Moruy', 113),
	(387, 'Parroquia Adaure', 113),
	(388, 'Parroquia El Hato', 113),
	(389, 'Parroquia El Vínculo', 113),
	(390, 'Parroquia Churuguara', 114),
	(391, 'Parroquia Agua Larga', 114),
	(392, 'Parroquia El Paují', 114),
	(393, 'Parroquia Independencia', 114),
	(394, 'Parroquia Mapararí', 114),
	(395, 'Parroquia Jacura', 115),
	(396, 'Parroquia Agua Linda', 115),
	(397, 'Parroquia Araurima', 115),
	(398, 'Parroquia Los Taques', 116),
	(399, 'Parroquia Judibana', 116),
	(400, 'Parroquia Mene de Mauroa', 117),
	(401, 'Parroquia Casigua', 117),
	(402, 'Parroquia San Félix', 117),
	(403, 'Parroquia San Antonio', 118),
	(404, 'Parroquia San Gabriel', 118),
	(405, 'Parroquia Santa Ana', 118),
	(406, 'Parroquia Guzmán Guillermo', 118),
	(407, 'Parroquia Mitare', 118),
	(408, 'Parroquia Río Seco', 118),
	(409, 'Parroquia Sabaneta', 118),
	(410, 'Parroquia Chichiriviche', 119),
	(411, 'Parroquia Boca de Tocuyo', 119),
	(412, 'Parroquia Tocuyo de la Costa', 119),
	(413, 'Parroquia Capital Palmasola', 120),
	(414, 'Parroquia Cabure', 121),
	(415, 'Parroquia Colina', 121),
	(416, 'Parroquia Curimagua', 121),
	(417, 'Parroquia Píritu', 122),
	(418, 'Parroquia San José de la Costa', 122),
	(419, 'Parroquia Capital San Francisco', 123),
	(420, 'Parroquia Tucacas', 124),
	(421, 'Parroquia Boca de Aroa', 124),
	(422, 'Parroquia Sucre', 125),
	(423, 'Parroquia Pecaya', 125),
	(424, 'Parroquia Capital Tocópero ', 126),
	(425, 'Parroquia Santa Cruz de Bucaral', 127),
	(426, 'Parroquia El Charal', 127),
	(427, 'Parroquia Las Vegas del Tuy', 127),
	(428, 'Parroquia Urumaco', 128),
	(429, 'Parroquia Bruzual', 128),
	(430, 'Parroquia Puerto Cumarebo', 129),
	(431, 'Parroquia La Ciénaga', 129),
	(432, 'Parroquia La Soledad', 129),
	(433, 'Parroquia Pueblo Cumarebo', 129),
	(434, 'Parroquia Zazárida', 129),
	(435, 'Parroquia Capital Camaguán', 130),
	(436, 'Parroquia Puerto Miranda', 130),
	(437, 'Parroquia Uverito', 130),
	(438, 'Parroquia Chaguaramas', 131),
	(439, 'Parroquia El Socorro', 132),
	(440, 'Parroquia Capital San Gerónimo de Guayabal', 133),
	(441, 'Parroquia Cazorla', 133),
	(442, 'Parroquia Capital Valle de La Pascua', 134),
	(443, 'Parroquia Espino', 134),
	(444, 'Parroquia Capital Las Mercedes', 135),
	(445, 'Parroquia Cabruta', 135),
	(446, 'Parroquia Santa Rita de Manapire', 135),
	(447, 'Parroquia Capital El Sombrero', 136),
	(448, 'Parroquia Sosa', 136),
	(449, 'Parroquia Capital Calabozo', 137),
	(450, 'Parroquia El Calvario', 137),
	(451, 'Parroquia El Rastro', 137),
	(452, 'Parroquia Guardatinajas', 137),
	(453, 'Parroquia Capital Altagracia de Orituco', 138),
	(454, 'Parroquia Lezama', 138),
	(455, 'Parroquia Libertad de Orituco', 138),
	(456, 'Parroquia Paso Real de Macaira', 138),
	(457, 'Parroquia San Francisco de Macaira', 138),
	(458, 'Parroquia San Rafael de Orituco', 138),
	(459, 'Parroquia Soublette', 138),
	(460, 'Parroquia Capital Ortiz', 139),
	(461, 'Parroquia San Francisco de Tiznados', 139),
	(462, 'Parroquia San José de Tiznados', 139),
	(463, 'Parroquia San Lorenzo de Tiznados', 139),
	(464, 'Parroquia Capital Tucupido', 140),
	(465, 'Parroquia San Rafael de Laya', 140),
	(466, 'Parroquia Capital San Juan de Los Morros', 141),
	(467, 'Parroquia Cantagallo', 141),
	(468, 'Parroquia Parapara', 141),
	(469, 'Parroquia San José de Guaribe', 142),
	(470, 'Parroquia Capital Santa María de Ipire', 143),
	(471, 'Parroquia Altamira', 143),
	(472, 'Parroquia Capital Zaraza', 144),
	(473, 'Parroquia San José de Unare', 144),
	(474, 'Parroquia Pío Tamayo', 145),
	(475, 'Parroquia Quebrada Honda de Guache', 145),
	(476, 'Parroquia Yacambú', 145),
	(477, 'Parroquia Fréitez', 146),
	(478, 'Parroquia José María Blanco', 146),
	(479, 'Parroquia Catedral', 147),
	(480, 'Parroquia Concepción', 147),
	(481, 'Parroquia El Cují', 147),
	(482, 'Parroquia Juan de Villegas', 147),
	(483, 'Parroquia Santa Rosa', 147),
	(484, 'Parroquia Tamaca', 147),
	(485, 'Parroquia Unión', 147),
	(486, 'Parroquia Aguedo Felipe Alvarado', 147),
	(487, 'Parroquia Buena Vista', 147),
	(488, 'Parroquia Juárez', 147),
	(489, 'Parroquia Juan Bautista Rodríguez', 148),
	(490, 'Parroquia Cuara', 148),
	(491, 'Parroquia Diego de Lozada', 148),
	(492, 'Parroquia Paraíso de San José', 148),
	(493, 'Parroquia San Miguel', 148),
	(494, 'Parroquia Tintorero', 148),
	(495, 'Parroquia José Bernardo Dorante', 148),
	(496, 'Parroquia Coronel Mariano Peraza', 148),
	(497, 'Parroquia Bolívar', 149),
	(498, 'Parroquia Anzoátegui', 149),
	(499, 'Parroquia Guarico', 149),
	(500, 'Parroquia Hilario Luna y Luna', 149),
	(501, 'Parroquia Humocaro Alto', 149),
	(502, 'Parroquia Humocaro Bajo', 149),
	(503, 'Parroquia La Candelaria', 149),
	(504, 'Parroquia Morán', 149),
	(505, 'Parroquia Cabudare', 150),
	(506, 'Parroquia José Gregorio Bastidas', 150),
	(507, 'Parroquia Agua Viva', 150),
	(508, 'Parroquia Sarare', 151),
	(509, 'Parroquia Buría', 151),
	(510, 'Parroquia Gustavo Vegas León', 151),
	(511, 'Parroquia Trinidad Samuel', 152),
	(512, 'Parroquia Antonio Díaz', 152),
	(513, 'Parroquia Camacaro', 152),
	(514, 'Parroquia Castañeda', 152),
	(515, 'Parroquia Cecilio Zubillaga', 152),
	(516, 'Parroquia Chiquinquirá', 152),
	(517, 'Parroquia El Blanco', 152),
	(518, 'Parroquia Espinoza de los Monteros', 152),
	(519, 'Parroquia Lara', 152),
	(520, 'Parroquia Las Mercedes', 152),
	(521, 'Parroquia Manuel Morillo', 152),
	(522, 'Parroquia Montaña Verde', 152),
	(523, 'Parroquia Montes de Oca', 152),
	(524, 'Parroquia Torres', 152),
	(525, 'Parroquia Heriberto Arroyo', 152),
	(526, 'Parroquia Reyes Vargas', 152),
	(527, 'Parroquia Altagracia', 152),
	(528, 'Parroquia Siquisique', 153),
	(529, 'Parroquia Moroturo', 153),
	(530, 'Parroquia San Miguel', 153),
	(531, 'Parroquia Xaguas', 153),
	(532, 'Parroquia Presidente Betancourt ', 154),
	(533, 'Parroquia Presidente Páez  ', 154),
	(534, 'Parroquia Presidente Rómulo Gallegos ', 154),
	(535, 'Parroquia Gabriel Picón González', 154),
	(536, 'Parroquia Héctor Amable Mora', 154),
	(537, 'Parroquia José Nucete Sardi ', 154),
	(538, 'Parroquia Pulido Méndez ', 154),
	(539, 'Parroquia Capital Andrés Bello', 155),
	(540, 'Parroquia Capital Antonio Pinto Salinas ', 156),
	(541, 'Parroquia Mesa Bolívar', 156),
	(542, 'Parroquia Mesa de Las Palmas', 156),
	(543, 'Parroquia Capital Aricagua ', 157),
	(544, 'Parroquia San Antonio ', 157),
	(545, 'Parroquia Capital Arzobispo Chacón', 158),
	(546, 'Parroquia Capurí ', 158),
	(547, 'Parroquia Chacantá ', 158),
	(548, 'Parroquia El Molino ', 158),
	(549, 'Parroquia Guaimaral ', 158),
	(550, 'Parroquia Mucutuy', 158),
	(551, 'Parroquia Mucuchachí', 158),
	(552, 'Parroquia Fernández Peña ', 159),
	(553, 'Parroquia Matriz', 159),
	(554, 'Parroquia Montalbán', 159),
	(555, 'Parroquia Acequias', 159),
	(556, 'Parroquia Jají', 159),
	(557, 'Parroquia La Mesa', 159),
	(558, 'Parroquia San José del Sur', 159),
	(559, 'Parroquia Capital Caracciolo Parra Olmedo ', 160),
	(560, 'Parroquia Florencio Ramírez ', 160),
	(561, 'Parroquia Capital Cardenal Quintero ', 161),
	(562, 'Parroquia Las Piedras', 161),
	(563, 'Parroquia Capital Guaraque ', 162),
	(564, 'Parroquia Mesa de Quintero ', 162),
	(565, 'Parroquia Río Negro ', 162),
	(566, 'Parroquia Capital Julio César Salas ', 163),
	(567, 'Parroquia Palmira ', 163),
	(568, 'Parroquia Capital Justo Briceño ', 164),
	(569, 'Parroquia San Cristóbal de Torondoy', 164),
	(570, 'Parroquia Antonio Spinetti Dini ', 165),
	(571, 'Parroquia Arias', 165),
	(572, 'Parroquia Caracciolo Parra Pérez ', 165),
	(573, 'Parroquia Domingo Peña ', 165),
	(574, 'Parroquia El Llano', 165),
	(575, 'Parroquia Gonzalo Picón Febres ', 165),
	(576, 'Parroquia Jacinto Plaza ', 165),
	(577, 'Parroquia Juan Rodríguez Suárez', 165),
	(578, 'Parroquia Lasso de la Vega ', 165),
	(579, 'Parroquia Mariano Picón Salas ', 165),
	(580, 'Parroquia Milla', 165),
	(581, 'Parroquia Osuna Rodríguez ', 165),
	(582, 'Parroquia Sagrario', 165),
	(583, 'Parroquia El Morro', 165),
	(584, 'Parroquia Los Nevados', 165),
	(585, 'Parroquia Capital Miranda ', 166),
	(586, 'Parroquia Andrés Eloy Blanco', 166),
	(587, 'Parroquia La Venta', 166),
	(588, 'Parroquia Piñango ', 166),
	(589, 'Parroquia Capital Obispo Ramos de Lora ', 167),
	(590, 'Parroquia Eloy Paredes', 167),
	(591, 'Parroquia San Rafael de Alcázar', 167),
	(592, 'Parroquia Capital Padre Noguera', 168),
	(593, 'Parroquia Capital Pueblo Llano', 169),
	(594, 'Parroquia Capital Rangel ', 170),
	(595, 'Parroquia Cacute ', 170),
	(596, 'Parroquia La Toma', 170),
	(597, 'Parroquia Mucurubá', 170),
	(598, 'Parroquia San Rafael', 170),
	(599, 'Parroquia Capital Rivas Dávila ', 171),
	(600, 'Parroquia Gerónimo Maldonado', 171),
	(601, 'Parroquia Capital Santos Marquina ', 172),
	(602, 'Parroquia Capital Sucre ', 173),
	(603, 'Parroquia Chiguará', 173),
	(604, 'Parroquia Estánquez', 173),
	(605, 'Parroquia La Trampa', 173),
	(606, 'Parroquia Pueblo Nuevo del Sur ', 173),
	(607, 'Parroquia San Juan', 173),
	(608, 'Parroquia El Amparo', 174),
	(609, 'Parroquia El Llano', 174),
	(610, 'Parroquia San Francisco', 174),
	(611, 'Parroquia Tovar', 174),
	(612, 'Parroquia Capital Tulio Febres Cordero ', 175),
	(613, 'Parroquia Independencia', 175),
	(614, 'Parroquia María de la Concepción Palacios Blanco', 175),
	(615, 'Parroquia Santa Apolonia', 175),
	(616, 'Parroquia Capital Zea ', 176),
	(617, 'Parroquia Caño El Tigre', 176),
	(618, 'Parroquia Caucagua', 177),
	(619, 'Parroquia Aragüita', 177),
	(620, 'Parroquia Arévalo González', 177),
	(621, 'Parroquia Capaya', 177),
	(622, 'Parroquia El Café', 177),
	(623, 'Parroquia Marizapa', 177),
	(624, 'Parroquia Panaquire', 177),
	(625, 'Parroquia Ribas', 177),
	(626, 'Parroquia San José de Barlovento', 178),
	(627, 'Parroquia Cumbo', 178),
	(628, 'Parroquia Baruta', 179),
	(629, 'Parroquia El Cafetal', 179),
	(630, 'Parroquia Las Minas de Baruta', 179),
	(631, 'Parroquia Higuerote', 180),
	(632, 'Parroquia Curiepe', 180),
	(633, 'Parroquia Tacarigua', 180),
	(634, 'Parroquia Mamporal', 181),
	(635, 'Parroquia Carrizal', 182),
	(636, 'Parroquia Chacao', 183),
	(637, 'Parroquia Charallave', 184),
	(638, 'Parroquia Las Brisas', 184),
	(639, 'Parroquia El Hatillo', 185),
	(640, 'Parroquia Los Teques', 186),
	(641, 'Parroquia Altagracia de La Montaña', 186),
	(642, 'Parroquia Cecilio Acosta', 186),
	(643, 'Parroquia El Jarillo', 186),
	(644, 'Parroquia Paracotos', 186),
	(645, 'Parroquia San Pedro', 186),
	(646, 'Parroquia Tácata', 186),
	(647, 'Parroquia Santa Teresa del Tuy', 187),
	(648, 'Parroquia El Cartanal', 187),
	(649, 'Parroquia Ocumare del Tuy', 188),
	(650, 'Parroquia La Democracia', 188),
	(651, 'Parroquia Santa Bárbara', 188),
	(652, 'Parroquia San Antonio de Los Altos', 189),
	(653, 'Parroquia Río Chico', 190),
	(654, 'Parroquia El Guapo', 190),
	(655, 'Parroquia Tacarigua de La Laguna', 190),
	(656, 'Parroquia Paparo', 190),
	(657, 'Parroquia San Fernando del Guapo', 190),
	(658, 'Parroquia Santa Lucía', 191),
	(659, 'Parroquia Cúpira', 192),
	(660, 'Parroquia Machurucuto', 192),
	(661, 'Parroquia Guarenas', 193),
	(662, 'Parroquia San Francisco de Yare', 194),
	(663, 'Parroquia San Antonio de Yare', 194),
	(664, 'Parroquia Petare', 195),
	(665, 'Parroquia Caucagüita', 195),
	(666, 'Parroquia Fila de Mariches', 195),
	(667, 'Parroquia La Dolorita', 195),
	(668, 'Parroquia Leoncio Martínez', 195),
	(669, 'Parroquia Cúa', 196),
	(670, 'Parroquia Nueva Cúa', 196),
	(671, 'Parroquia Guatire', 197),
	(672, 'Parroquia Bolívar', 197),
	(673, 'Parroquia Capital Acosta', 198),
	(674, 'Parroquia San Francisco', 198),
	(675, 'Parroquia Capital Aguasay', 199),
	(676, 'Parroquia Capital Bolívar', 200),
	(677, 'Parroquia Capital Caripe', 201),
	(678, 'Parroquia El Guácharo', 201),
	(679, 'Parroquia La Guanota', 201),
	(680, 'Parroquia Sabana de Piedra', 201),
	(681, 'Parroquia San Agustín', 201),
	(682, 'Parroquia Teresén', 201),
	(683, 'Parroquia Capital Cedeño', 202),
	(684, 'Parroquia Areo', 202),
	(685, 'Parroquia San Félix', 202),
	(686, 'Parroquia Viento Fresco', 202),
	(687, 'Parroquia Capital Ezequiel Zamora', 203),
	(688, 'Parroquia El Tejero', 203),
	(689, 'Parroquia Capital Libertador', 204),
	(690, 'Parroquia Chaguaramas', 204),
	(691, 'Parroquia Las Alhuacas', 204),
	(692, 'Parroquia Tabasca', 204),
	(693, 'Parroquia Capital Maturín', 205),
	(694, 'Parroquia Alto de los Godos', 205),
	(695, 'Parroquia Boquerón', 205),
	(696, 'Parroquia Las Cocuizas', 205),
	(697, 'Parroquia San Simón', 205),
	(698, 'Parroquia Santa Cruz', 205),
	(699, 'Parroquia El Corozo', 205),
	(700, 'Parroquia El Furrial', 205),
	(701, 'Parroquia Jusepín', 205),
	(702, 'Parroquia La Pica', 205),
	(703, 'Parroquia San Vicente', 205),
	(704, 'Parroquia Capital Piar', 206),
	(705, 'Parroquia Aparicio', 206),
	(706, 'Parroquia Chaguaramal', 206),
	(707, 'Parroquia El Pinto', 206),
	(708, 'Parroquia Guanaguana', 206),
	(709, 'Parroquia La Toscana', 206),
	(710, 'Parroquia Taguaya', 206),
	(711, 'Parroquia Capital Punceres', 207),
	(712, 'Parroquia Cachipo', 207),
	(713, 'Parroquia Capital Santa Bárbara', 208),
	(714, 'Parroquia Capital Sotillo', 209),
	(715, 'Parroquia Los Barrancos de Fajardo', 209),
	(716, 'Parroquia Capital Uracoa', 210),
	(717, 'Parroquia Capital Antolín del Campo', 211),
	(718, 'Parroquia Capital Arismendi', 212),
	(719, 'Parroquia Capital Díaz', 213),
	(720, 'Parroquia Zabala', 213),
	(721, 'Parroquia Capital García', 214),
	(722, 'Parroquia Francisco Fajardo', 214),
	(723, 'Parroquia Capital Gómez', 215),
	(724, 'Parroquia Bolívar', 215),
	(725, 'Parroquia Guevara', 215),
	(726, 'Parroquia Matasiete', 215),
	(727, 'Parroquia Sucre', 215),
	(728, 'Parroquia Capital Maneiro', 216),
	(729, 'Parroquia Aguirre', 216),
	(730, 'Parroquia Capital Marcano', 217),
	(731, 'Parroquia Adrián', 217),
	(732, 'Parroquia Capital Mariño', 218),
	(733, 'Parroquia Capital Península de Macanao', 219),
	(734, 'Parroquia San Francisco', 219),
	(735, 'Parroquia Capital Tubores', 220),
	(736, 'Parroquia Los Barales', 220),
	(737, 'Parroquia Capital Villalba', 221),
	(738, 'Parroquia Vicente Fuentes', 221),
	(739, 'Parroquia Capital Agua Blanca ', 222),
	(740, 'Parroquia Capital Araure ', 223),
	(741, 'Parroquia Río Acarigua', 223),
	(742, 'Parroquia Capital Esteller ', 224),
	(743, 'Parroquia Uveral', 224),
	(744, 'Parroquia Capital Guanare', 225),
	(745, 'Parroquia Córdoba', 225),
	(746, 'Parroquia San José de la Montaña', 225),
	(747, 'Parroquia San Juan de Guanaguanare', 225),
	(748, 'Parroquia Virgen de la Coromoto', 225),
	(749, 'Parroquia Capital Guanarito ', 226),
	(750, 'Parroquia Trinidad de la Capilla', 226),
	(751, 'Parroquia Divina Pastora', 226),
	(752, 'Parroquia Capital Monseñor José Vicente de Unda ', 227),
	(753, 'Parroquia Peña Blanca', 227),
	(754, 'Parroquia Capital Ospino ', 228),
	(755, 'Parroquia Aparición', 228),
	(756, 'Parroquia La Estación', 228),
	(757, 'Parroquia Capital Páez ', 229),
	(758, 'Parroquia Payara', 229),
	(759, 'Parroquia Pimpinela', 229),
	(760, 'Parroquia Ramón Peraza', 229),
	(761, 'Parroquia Capital Papelón ', 230),
	(762, 'Parroquia Caño Delgadito', 230),
	(763, 'Parroquia Capital San Genaro de Boconoito ', 231),
	(764, 'Parroquia Antolín Tovar', 231),
	(765, 'Parroquia Capital San Rafael de Onoto', 232),
	(766, 'Parroquia Santa Fe', 232),
	(767, 'Parroquia Thermo Morles', 232),
	(768, 'Parroquia Capital Santa Rosalía ', 233),
	(769, 'Parroquia Florida', 233),
	(770, 'Parroquia Capital Sucre ', 234),
	(771, 'Parroquia Concepción', 234),
	(772, 'Parroquia San Rafael de Palo Alzado', 234),
	(773, 'Parroquia Uvencio Antonio Velásquez', 234),
	(774, 'Parroquia San José de Saguaz', 234),
	(775, 'Parroquia Villa Rosa', 234),
	(776, 'Parroquia Capital Turén', 235),
	(777, 'Parroquia Canelones', 235),
	(778, 'Parroquia Santa Cruz', 235),
	(779, 'Parroquia San Isidro Labrador', 235),
	(780, 'Parroquia Mariño', 236),
	(781, 'Parroquia Rómulo Gallegos', 236),
	(782, 'Parroquia San José de Aerocuar', 237),
	(783, 'Parroquia Tavera Acosta', 237),
	(784, 'Parroquia Río Caribe', 238),
	(785, 'Parroquia Antonio José de Sucre', 238),
	(786, 'Parroquia El Morro de Puerto Santo', 238),
	(787, 'Parroquia Puerto Santo', 238),
	(788, 'Parroquia San Juan de Las Galdonas', 238),
	(789, 'Parroquia El Pilar', 239),
	(790, 'Parroquia El Rincón', 239),
	(791, 'Parroquia General Francisco Antonio Vásquez', 239),
	(792, 'Parroquia Guaraúnos', 239),
	(793, 'Parroquia Tunapuicito', 239),
	(794, 'Parroquia Unión', 239),
	(795, 'Parroquia Bolívar ', 240),
	(796, 'Parroquia Macarapana', 240),
	(797, 'Parroquia Santa Catalina', 240),
	(798, 'Parroquia Santa Rosa', 240),
	(799, 'Parroquia Santa Teresa', 240),
	(800, 'Parroquia Capital Bolívar', 241),
	(801, 'Parroquia Yaguaraparo', 242),
	(802, 'Parroquia El Paujil', 242),
	(803, 'Parroquia Libertad', 242),
	(804, 'Parroquia Araya', 243),
	(805, 'Parroquia Chacopata', 243),
	(806, 'Parroquia Manicuare', 243),
	(807, 'Parroquia Tunapuy', 244),
	(808, 'Parroquia Campo Elías', 244),
	(809, 'Parroquia Irapa', 245),
	(810, 'Parroquia Campo Claro', 245),
	(811, 'Parroquia Marabal', 245),
	(812, 'Parroquia San Antonio de Irapa', 245),
	(813, 'Parroquia Soro', 245),
	(814, 'Parroquia Capital Mejía', 246),
	(815, 'Parroquia Cumanacoa', 247),
	(816, 'Parroquia Arenas', 247),
	(817, 'Parroquia Aricagua', 247),
	(818, 'Parroquia Cocollar', 247),
	(819, 'Parroquia San Fernando', 247),
	(820, 'Parroquia San Lorenzo', 247),
	(821, 'Parroquia Villa Frontado (Muelle de Cariaco)', 248),
	(822, 'Parroquia Catuaro', 248),
	(823, 'Parroquia Rendón', 248),
	(824, 'Parroquia Santa Cruz', 248),
	(825, 'Parroquia Santa María', 248),
	(826, 'Parroquia Altagracia', 249),
	(827, 'Parroquia Ayacucho', 249),
	(828, 'Parroquia Santa Inés', 249),
	(829, 'Parroquia Valentín Valiente', 249),
	(830, 'Parroquia San Juan', 249),
	(831, 'Parroquia Raúl Leoni', 249),
	(832, 'Parroquia Gran Mariscal ', 249),
	(833, 'Parroquia Güiria', 250),
	(834, 'Parroquia Bideau', 250),
	(835, 'Parroquia Cristóbal Colón', 250),
	(836, 'Parroquia Punta de Piedras', 250),
	(837, 'Parroquia Capital Andrés Bello ', 251),
	(838, 'Parroquia Antonio Rómulo Costa', 252),
	(839, 'Parroquia Ayacucho ', 253),
	(840, 'Parroquia Rivas Berti', 253),
	(841, 'Parroquia San Pedro del Río', 253),
	(842, 'Parroquia Bolívar', 254),
	(843, 'Parroquia Palotal', 254),
	(844, 'Parroquia Juan Vicente Gómez', 254),
	(845, 'Parroquia Isaías Medina Angarita', 254),
	(846, 'Parroquia Cárdenas ', 255),
	(847, 'Parroquia Amenodoro Rangel Lamús', 255),
	(848, 'Parroquia La Florida', 255),
	(849, 'Parroquia Capital Córdoba', 256),
	(850, 'Parroquia Fernández Feo ', 257),
	(851, 'Parroquia Alberto Adriani', 257),
	(852, 'Parroquia Santo Domingo', 257),
	(853, 'Parroquia Capital Francisco de Miranda', 258),
	(854, 'Parroquia Capital García de Hevia ', 259),
	(855, 'Parroquia Boca de Grita', 259),
	(856, 'Parroquia José Antonio Páez', 259),
	(857, 'Parroquia Capital Guásimos', 260),
	(858, 'Parroquia Independencia ', 261),
	(859, 'Parroquia Juan Germán Roscio ', 261),
	(860, 'Parroquia Román Cárdenas', 261),
	(861, 'Parroquia Jáuregui ', 262),
	(862, 'Parroquia Emilio Constantino Guerrero', 262),
	(863, 'Parroquia Monseñor Miguel Antonio Salas', 262),
	(864, 'Parroquia Capital José María Vargas', 263),
	(865, 'Parroquia Junín ', 264),
	(866, 'Parroquia La Petrólea', 264),
	(867, 'Parroquia Quinimarí', 264),
	(868, 'Parroquia Bramón', 264),
	(869, 'Parroquia Libertad ', 265),
	(870, 'Parroquia Cipriano Castro', 265),
	(871, 'Parroquia Manuel Felipe Rugeles', 265),
	(872, 'Parroquia Libertador ', 266),
	(873, 'Parroquia Emeterio Ochoa', 266),
	(874, 'Parroquia Doradas', 266),
	(875, 'Parroquia San Joaquín de Navay', 266),
	(876, 'Parroquia Lobatera ', 267),
	(877, 'Parroquia Constitución', 267),
	(878, 'Parroquia Capital Michelena', 268),
	(879, 'Parroquia Panamericano ', 269),
	(880, 'Parroquia La Palmita', 269),
	(881, 'Parroquia Pedro María Ureña', 270),
	(882, 'Parroquia Nueva Arcadia', 270),
	(883, 'Parroquia Rafael Urdaneta ', 271),
	(884, 'Parroquia Samuel Darío Maldonado ', 272),
	(885, 'Parroquia Boconó', 272),
	(886, 'Parroquia Hernández', 272),
	(887, 'Parroquia La Concordia', 273),
	(888, 'Parroquia Pedro María Morantes', 273),
	(889, 'Parroquia San Juan Bautista', 273),
	(890, 'Parroquia San Sebastián', 273),
	(891, 'Parroquia Dr. Francisco Romero Lobo', 273),
	(892, 'Parroquia Capital Seboruco', 274),
	(893, 'Parroquia Simón Rodríguez ', 275),
	(894, 'Parroquia Sucre ', 276),
	(895, 'Parroquia Eleazar López Contreras', 276),
	(896, 'Parroquia San Pablo', 276),
	(897, 'Parroquia  Torbes ', 277),
	(898, 'Parroquia  Uribante ', 278),
	(899, 'Parroquia Cárdenas', 278),
	(900, 'Parroquia Juan Pablo Peñaloza', 278),
	(901, 'Parroquia Potosí', 278),
	(902, 'Parroquia Capital San Judas Tadeo', 279),
	(903, 'Parroquia Santa Isabel', 280),
	(904, 'Parroquia Araguaney', 280),
	(905, 'Parroquia El Jagüito', 280),
	(906, 'Parroquia La Esperanza', 280),
	(907, 'Parroquia Boconó', 281),
	(908, 'Parroquia El Carmen', 281),
	(909, 'Parroquia Mosquey', 281),
	(910, 'Parroquia Ayacucho', 281),
	(911, 'Parroquia Burbusay', 281),
	(912, 'Parroquia General Rivas', 281),
	(913, 'Parroquia Guaramacal', 281),
	(914, 'Parroquia Vega de Guaramacal', 281),
	(915, 'Parroquia Monseñor Jáuregui', 281),
	(916, 'Parroquia Rafael Rangel', 281),
	(917, 'Parroquia San Miguel', 281),
	(918, 'Parroquia San José', 281),
	(919, 'Parroquia Sabana Grande', 282),
	(920, 'Parroquia Cheregüé ', 282),
	(921, 'Parroquia Granados', 282),
	(922, 'Parroquia Chejendé', 283),
	(923, 'Parroquia Arnoldo Gabaldón', 283),
	(924, 'Parroquia Bolivia', 283),
	(925, 'Parroquia Carrillo', 283),
	(926, 'Parroquia Cegarra', 283),
	(927, 'Parroquia Manuel Salvador Ulloa', 283),
	(928, 'Parroquia San José', 283),
	(929, 'Parroquia Carache', 284),
	(930, 'Parroquia Cuicas', 284),
	(931, 'Parroquia La Concepción', 284),
	(932, 'Parroquia Panamericana', 284),
	(933, 'Parroquia Santa Cruz', 284),
	(934, 'Parroquia Escuque', 285),
	(935, 'Parroquia La Unión', 285),
	(936, 'Parroquia Sabana Libre', 285),
	(937, 'Parroquia Santa Rita', 285),
	(938, 'Parroquia El Socorro', 286),
	(939, 'Parroquia Antonio José de Sucre ', 286),
	(940, 'Parroquia Los Caprichos', 286),
	(941, 'Parroquia Campo Elías', 287),
	(942, 'Parroquia Arnoldo Gabaldón', 287),
	(943, 'Parroquia Santa Apolonia ', 288),
	(944, 'Parroquia El Progreso  ', 288),
	(945, 'Parroquia La Ceiba  ', 288),
	(946, 'Parroquia Tres de Febrero  ', 288),
	(947, 'Parroquia El Dividive', 289),
	(948, 'Parroquia Agua Santa', 289),
	(949, 'Parroquia Agua Caliente', 289),
	(950, 'Parroquia El Cenizo', 289),
	(951, 'Parroquia Valerita ', 289),
	(952, 'Parroquia Monte Carmelo', 290),
	(953, 'Parroquia Buena Vista', 290),
	(954, 'Parroquia Santa María del Horcón ', 290),
	(955, 'Parroquia Motatán', 291),
	(956, 'Parroquia El Baño', 291),
	(957, 'Parroquia Jalisco', 291),
	(958, 'Parroquia Pampán', 292),
	(959, 'Parroquia Flor de Patria', 292),
	(960, 'Parroquia La Paz', 292),
	(961, 'Parroquia Santa Ana', 292),
	(962, 'Parroquia Pampanito ', 293),
	(963, 'Parroquia La Concepción ', 293),
	(964, 'Parroquia Pampanito II ', 293),
	(965, 'Parroquia Betijoque', 294),
	(966, 'Parroquia La Pueblita ', 294),
	(967, 'Parroquia Los Cedros ', 294),
	(968, 'Parroquia José Gregorio Hernández', 294),
	(969, 'Parroquia Carvajal', 295),
	(970, 'Parroquia Antonio Nicolás Briceño', 295),
	(971, 'Parroquia Campo Alegre ', 295),
	(972, 'Parroquia José Leonardo Suárez ', 295),
	(973, 'Parroquia Sabana de Mendoza', 296),
	(974, 'Parroquia El Paraíso', 296),
	(975, 'Parroquia Junín', 296),
	(976, 'Parroquia Valmore Rodríguez ', 296),
	(977, 'Parroquia Andrés Linares', 297),
	(978, 'Parroquia Chiquinquirá', 297),
	(979, 'Parroquia Cristóbal Mendoza', 297),
	(980, 'Parroquia Cruz Carrillo', 297),
	(981, 'Parroquia Matriz', 297),
	(982, 'Parroquia Monseñor Carrillo', 297),
	(983, 'Parroquia Tres Esquinas ', 297),
	(984, 'Parroquia La Quebrada', 298),
	(985, 'Parroquia Cabimbú', 298),
	(986, 'Parroquia Jajó', 298),
	(987, 'Parroquia La Mesa', 298),
	(988, 'Parroquia Santiago', 298),
	(989, 'Parroquia Tuñame', 298),
	(990, 'Parroquia Juan Ignacio Montilla', 299),
	(991, 'Parroquia La Beatriz', 299),
	(992, 'Parroquia Mercedes Díaz', 299),
	(993, 'Parroquia San Luis ', 299),
	(994, 'Parroquia La Puerta', 299),
	(995, 'Parroquia Mendoza', 299),
	(996, 'Parroquia Capital Arístides Bastidas', 300),
	(997, 'Parroquia Capital Bolívar', 301),
	(998, 'Parroquia Capital Bruzual ', 302),
	(999, 'Parroquia Campo Elías', 302),
	(1000, 'Parroquia Capital Cocorote', 303),
	(1001, 'Parroquia Capital Independencia', 304),
	(1002, 'Parroquia Capital José Antonio Páez', 305),
	(1003, 'Parroquia Capital La Trinidad ', 306),
	(1004, 'Parroquia Capital Manuel Monge ', 307),
	(1005, 'Parroquia Capital Nirgua ', 308),
	(1006, 'Parroquia Salom', 308),
	(1007, 'Parroquia Temerla', 308),
	(1008, 'Parroquia Capital Peña ', 309),
	(1009, 'Parroquia San Andrés', 309),
	(1010, 'Parroquia Capital San Felipe ', 310),
	(1011, 'Parroquia Albarico', 310),
	(1012, 'Parroquia San Javier', 310),
	(1013, 'Parroquia Capital Sucre ', 311),
	(1014, 'Parroquia Capital Urachiche', 312),
	(1015, 'Parroquia Capital Veroes ', 313),
	(1016, 'Parroquia El Guayabo', 313),
	(1017, 'Parroquia Isla de Toas', 314),
	(1018, 'Parroquia Monagas', 314),
	(1019, 'Parroquia San Timoteo', 315),
	(1020, 'Parroquia General Urdaneta', 315),
	(1021, 'Parroquia Libertador', 315),
	(1022, 'Parroquia Manuel Guanipa Matos', 315),
	(1023, 'Parroquia Marcelino Briceño', 315),
	(1024, 'Parroquia Pueblo Nuevo ', 315),
	(1025, 'Parroquia Ambrosio', 316),
	(1026, 'Parroquia Carmen Herrera', 316),
	(1027, 'Parroquia Germán Ríos Linares', 316),
	(1028, 'Parroquia La Rosa', 316),
	(1029, 'Parroquia Jorge Hernández', 316),
	(1030, 'Parroquia Rómulo Betancourt ', 316),
	(1031, 'Parroquia San Benito ', 316),
	(1032, 'Parroquia Arístides Calvani ', 316),
	(1033, 'Parroquia Punta Gorda', 316),
	(1034, 'Parroquia Encontrados', 317),
	(1035, 'Parroquia Udón Pérez', 317),
	(1036, 'Parroquia San Carlos del Zulia', 318),
	(1037, 'Parroquia Moralito', 318),
	(1038, 'Parroquia Santa Bárbara ', 318),
	(1039, 'Parroquia Santa Cruz del Zulia', 318),
	(1040, 'Parroquia Urribarri', 318),
	(1041, 'Parroquia Simón Rodríguez ', 319),
	(1042, 'Parroquia Carlos Quevedo ', 319),
	(1043, 'Parroquia Francisco Javier Pulgar ', 319),
	(1044, 'Parroquia La Concepción', 320),
	(1045, 'Parroquia José Ramón Yepes', 320),
	(1046, 'Parroquia Mariano Parra León ', 320),
	(1047, 'Parroquia San José ', 320),
	(1048, 'Parroquia Jesús María Semprún ', 321),
	(1049, 'Parroquia Barí ', 321),
	(1050, 'Parroquia Concepción', 322),
	(1051, 'Parroquia Andrés Bello', 322),
	(1052, 'Parroquia Chiquinquirá', 322),
	(1053, 'Parroquia El Carmelo', 322),
	(1054, 'Parroquia Potreritos', 322),
	(1055, 'Parroquia Alonso de Ojeda', 323),
	(1056, 'Parroquia Libertad ', 323),
	(1057, 'Parroquia Campo Lara', 323),
	(1058, 'Parroquia Eleazar López Contreras', 323),
	(1059, 'Parroquia Venezuela', 323),
	(1060, 'Parroquia Libertad', 324),
	(1061, 'Parroquia Bartolomé de las Casas', 324),
	(1062, 'Parroquia Río Negro ', 324),
	(1063, 'Parroquia San José de Perijá', 324),
	(1064, 'Parroquia San Rafael', 325),
	(1065, 'Parroquia La Sierrita ', 325),
	(1066, 'Parroquia Las Parcelas ', 325),
	(1067, 'Parroquia Luis de Vicente', 325),
	(1068, 'Parroquia Monseñor Marcos Sergio Godoy', 325),
	(1069, 'Parroquia Ricaurte', 325),
	(1070, 'Parroquia Tamare ', 325),
	(1071, 'Parroquia Antonio Borjas Romero ', 326),
	(1072, 'Parroquia Bolívar', 326),
	(1073, 'Parroquia Cacique Mara', 326),
	(1074, 'Parroquia Caracciolo Parra Pérez', 326),
	(1075, 'Parroquia Cecilio Acosta', 326),
	(1076, 'Parroquia Cristo de Aranza', 326),
	(1077, 'Parroquia Coquivacoa', 326),
	(1078, 'Parroquia Chiquinquirá', 326),
	(1079, 'Parroquia Francisco Eugenio Bustamante', 326),
	(1080, 'Parroquia Idelfonso Vásquez', 326),
	(1081, 'Parroquia Juana de Avila', 326),
	(1082, 'Parroquia Luis Hurtado Higuera', 326),
	(1083, 'Parroquia Manuel Dagnino', 326),
	(1084, 'Parroquia Olegario Villalobos', 326),
	(1085, 'Parroquia Raúl Leoni', 326),
	(1086, 'Parroquia Santa Lucía', 326),
	(1087, 'Parroquia Venancio Pulgar ', 326),
	(1088, 'Parroquia San Isidro ', 326),
	(1089, 'Parroquia Altagracia', 327),
	(1090, 'Parroquia Ana María Campos', 327),
	(1091, 'Parroquia Faría', 327),
	(1092, 'Parroquia San Antonio', 327),
	(1093, 'Parroquia San José', 327),
	(1094, 'Parroquia Sinamaica', 328),
	(1095, 'Parroquia Alta Guajira ', 328),
	(1096, 'Parroquia Elías Sánchez Rubio', 328),
	(1097, 'Parroquia Guajira', 328),
	(1098, 'Parroquia El Rosario', 329),
	(1099, 'Parroquia Donaldo García', 329),
	(1100, 'Parroquia Sixto Zambrano', 329),
	(1101, 'Parroquia San Francisco', 330),
	(1102, 'Parroquia El Bajo ', 330),
	(1103, 'Parroquia Domitila Flores ', 330),
	(1104, 'Parroquia Francisco Ochoa', 330),
	(1105, 'Parroquia Los Cortijos ', 330),
	(1106, 'Parroquia Marcial Hernández', 330),
	(1107, 'Parroquia Santa Rita', 331),
	(1108, 'Parroquia El Mene ', 331),
	(1109, 'Parroquia José Cenovio Urribarri ', 331),
	(1110, 'Parroquia Pedro Lucas Urribarri', 331),
	(1111, 'Parroquia Manuel Manrique ', 332),
	(1112, 'Parroquia Rafael María Baralt ', 332),
	(1113, 'Parroquia Rafael Urdaneta ', 332),
	(1114, 'Parroquia Bobures', 333),
	(1115, 'Parroquia El Batey ', 333),
	(1116, 'Parroquia Gibraltar', 333),
	(1117, 'Parroquia Heras', 333),
	(1118, 'Parroquia Monseñor Arturo Celestino Alvarez', 333),
	(1119, 'Parroquia Rómulo Gallegos', 333),
	(1120, 'Parroquia La Victoria', 334),
	(1121, 'Parroquia Rafael Urdaneta ', 334),
	(1122, 'Parroquia Raúl Cuenca', 334),
	(1123, 'Parroquia Caraballeda', 335),
	(1124, 'Parroquia Carayaca', 335),
	(1125, 'Parroquia Caruao', 335),
	(1126, 'Parroquia Catia La Mar', 335),
	(1127, 'Parroquia El Junko', 335),
	(1128, 'Parroquia La Guaira', 335),
	(1129, 'Parroquia Macuto', 335),
	(1130, 'Parroquia Maiquetía', 335),
	(1131, 'Parroquia Naiguatá', 335),
	(1132, 'Parroquia Raúl Leoni ', 335),
	(1133, 'Parroquia Carlos Soublette', 335);
/*!40000 ALTER TABLE `tools_parroquia` ENABLE KEYS */;


-- Volcando estructura para tabla fundacite_opsu.tools_status
CREATE TABLE IF NOT EXISTS `tools_status` (
  `st_codigo` int(11) NOT NULL AUTO_INCREMENT,
  `st_descripcion` varchar(50) COLLATE utf8_bin NOT NULL,
  PRIMARY KEY (`st_codigo`)
) ENGINE=InnoDB AUTO_INCREMENT=5 DEFAULT CHARSET=utf8 COLLATE=utf8_bin;

-- Volcando datos para la tabla fundacite_opsu.tools_status: ~4 rows (aproximadamente)
DELETE FROM `tools_status`;
/*!40000 ALTER TABLE `tools_status` DISABLE KEYS */;
INSERT INTO `tools_status` (`st_codigo`, `st_descripcion`) VALUES
	(1, 'ENVIADO'),
	(2, 'PROCESADO'),
	(3, 'ANULADO'),
	(4, 'DEVUELTO');
/*!40000 ALTER TABLE `tools_status` ENABLE KEYS */;


-- Volcando estructura para tabla fundacite_opsu.usuarios
CREATE TABLE IF NOT EXISTS `usuarios` (
  `id` int(11) NOT NULL AUTO_INCREMENT,
  `Cedula` int(11) NOT NULL DEFAULT '0',
  `Usuario` varchar(20) COLLATE utf8_unicode_ci NOT NULL DEFAULT '',
  `contrasena` varchar(250) COLLATE utf8_unicode_ci NOT NULL,
  `Tipo` varchar(20) COLLATE utf8_unicode_ci NOT NULL,
  `Nivel` int(11) DEFAULT NULL,
  `Fecha` datetime NOT NULL,
  `Observacion` varchar(200) COLLATE utf8_unicode_ci DEFAULT NULL,
  PRIMARY KEY (`id`),
  UNIQUE KEY `Usuario` (`Usuario`),
  UNIQUE KEY `Cedula_2` (`Tipo`,`Cedula`),
  KEY `Tipo` (`Cedula`,`Tipo`,`Usuario`),
  KEY `Cedula` (`Usuario`,`Cedula`),
  KEY `FK_usuarios_perfiles` (`Nivel`),
  CONSTRAINT `FK_usuarios_perfiles` FOREIGN KEY (`Nivel`) REFERENCES `perfiles` (`CodPerfil`)
) ENGINE=InnoDB AUTO_INCREMENT=377 DEFAULT CHARSET=utf8 COLLATE=utf8_unicode_ci;

-- Volcando datos para la tabla fundacite_opsu.usuarios: ~372 rows (aproximadamente)
DELETE FROM `usuarios`;
/*!40000 ALTER TABLE `usuarios` DISABLE KEYS */;
INSERT INTO `usuarios` (`id`, `Cedula`, `Usuario`, `contrasena`, `Tipo`, `Nivel`, `Fecha`, `Observacion`) VALUES
	(1, 19191493, 'ROJASGB', 'a1b995eb2627f17bfd5fcb1de8533c62', 'Empleado', 1, '2016-11-16 09:34:10', NULL),
	(2, 12345, 'GOD', 'a1b995eb2627f17bfd5fcb1de8533c62', 'Empleado', 2, '0000-00-00 00:00:00', NULL),
	(4, 610101001, '610101001', '05b44cf25054162df869c99816b13728', 'Empleado', 3, '2017-06-11 00:00:00', ''),
	(5, 610101501, '610101501', 'ddbc62936eacd0ba2a78f5ad211d7562', 'Empleado', 3, '2017-06-11 00:00:00', ''),
	(6, 610101502, '610101502', '76848ac236c2d78874238b86ee56bba4', 'Empleado', 3, '2017-06-11 00:00:00', ''),
	(7, 610101504, '610101504', '8b0d58f028988fb790e08d11da110de4', 'Empleado', 3, '2017-06-11 00:00:00', ''),
	(8, 610101505, '610101505', '4a99323911b217d48f8ace19d94d19ae', 'Empleado', 3, '2017-06-11 00:00:00', ''),
	(9, 610101507, '610101507', '6aef6f652bdeb7b2c34e7bf4c34ee5d8', 'Empleado', 3, '2017-06-11 00:00:00', ''),
	(10, 610101508, '610101508', '76884103c74056579c792c728b3454dd', 'Empleado', 3, '2017-06-11 00:00:00', ''),
	(11, 610101509, '610101509', 'f8f755e7996a1e232e563031ce5a49b7', 'Empleado', 3, '2017-06-11 00:00:00', ''),
	(12, 610101503, '610101503', '6bf0d42b9119dd0dac1443b239c94914', 'Empleado', 3, '2017-06-11 00:00:00', ''),
	(13, 610101506, '610101506', '8237b85b3ea81dbd4d667bb486fdaf3c', 'Empleado', 3, '2017-06-11 00:00:00', ''),
	(14, 610101511, '610101511', '9bf9991b543bdea1a98685d268b6b9f7', 'Empleado', 3, '2017-06-11 00:00:00', ''),
	(15, 610101512, '610101512', '9558f1af3fb1bd20abde4d2348b27cc6', 'Empleado', 3, '2017-06-11 00:00:00', ''),
	(16, 610101513, '610101513', 'ddd4ff25463c507a9d6dfaf4ceb1da90', 'Empleado', 3, '2017-06-11 00:00:00', ''),
	(17, 610102002, '610102002', 'e619b51a9ffb59847df30406b7cc941d', 'Empleado', 3, '2017-06-11 00:00:00', ''),
	(18, 610102004, '610102004', 'dc241fbbd2ba11adcb0bbf29dee54921', 'Empleado', 3, '2017-06-11 00:00:00', ''),
	(19, 610102156, '610102156', '916b74a21a73bebd68d186df320a7dde', 'Empleado', 3, '2017-06-11 00:00:00', ''),
	(20, 610102158, '610102158', 'b595a0f23101994ad97a8b158cd85b8f', 'Empleado', 3, '2017-06-11 00:00:00', ''),
	(21, 610102159, '610102159', 'd64fc5eced74d3043a256f862550c6f5', 'Empleado', 3, '2017-06-11 00:00:00', ''),
	(22, 610102160, '610102160', 'e3912f3894318b1b142ec2c4dde8ee61', 'Empleado', 3, '2017-06-11 00:00:00', ''),
	(23, 610102161, '610102161', '28aba232412b846ea459e9a490f14384', 'Empleado', 3, '2017-06-11 00:00:00', ''),
	(24, 610102162, '610102162', 'c612a580412da9ac44e64ba90dc33a37', 'Empleado', 3, '2017-06-11 00:00:00', ''),
	(25, 610102163, '610102163', '946addf064082c9d58a4ea8c6dbfc41e', 'Empleado', 3, '2017-06-11 00:00:00', ''),
	(26, 610601099, '610601099', '074ca287a926daa04ca638635517049f', 'Empleado', 3, '2017-06-11 00:00:00', ''),
	(27, 610601100, '610601100', '94b076917e2656e6ccc339d5f8669b58', 'Empleado', 3, '2017-06-11 00:00:00', ''),
	(28, 610601501, '610601501', 'caac1c5e87bef87542680285894a3d3b', 'Empleado', 3, '2017-06-11 00:00:00', ''),
	(29, 610601503, '610601503', '8ec424259a3b702f65120d27730508f1', 'Empleado', 3, '2017-06-11 00:00:00', ''),
	(30, 610601504, '610601504', 'a3fb017ca7d1744630dc3996a3628fe2', 'Empleado', 3, '2017-06-11 00:00:00', ''),
	(31, 610601505, '610601505', '3eaa12c4ee6d93e3bf8a102dcdedd525', 'Empleado', 3, '2017-06-11 00:00:00', ''),
	(32, 610601506, '610601506', 'a01a09cbafcf787c2a87a084df6200aa', 'Empleado', 3, '2017-06-11 00:00:00', ''),
	(33, 610601507, '610601507', '600bceb83799ec5f98b1459bd3e4763d', 'Empleado', 3, '2017-06-11 00:00:00', ''),
	(34, 610601508, '610601508', '443df36fe730a94be5c647d8380fa831', 'Empleado', 3, '2017-06-11 00:00:00', ''),
	(35, 610601509, '610601509', '44305bce5579ad756d0dec3dd27868eb', 'Empleado', 3, '2017-06-11 00:00:00', ''),
	(36, 610601510, '610601510', '89d228d59f408dec0df1ebc857fe6663', 'Empleado', 3, '2017-06-11 00:00:00', ''),
	(37, 610601511, '610601511', '74735c54005843cf1edf30cc1575aa77', 'Empleado', 3, '2017-06-11 00:00:00', ''),
	(38, 610601512, '610601512', 'b3238810b1870afb824756577715504d', 'Empleado', 3, '2017-06-11 00:00:00', ''),
	(39, 610602163, '610602163', '0139285ba14b50f5d572c938c9309ff7', 'Empleado', 3, '2017-06-11 00:00:00', ''),
	(40, 610602501, '610602501', 'a1cb6512d215fc60c3e7ff09e86004f1', 'Empleado', 3, '2017-06-11 00:00:00', ''),
	(41, 610603502, '610603502', 'fba075fabd52e21a93587e091800f8a2', 'Empleado', 3, '2017-06-11 00:00:00', ''),
	(42, 610201005, '610201005', 'fe66ced6a74cfc8564a69327949bae92', 'Empleado', 3, '2017-06-11 00:00:00', ''),
	(43, 610201007, '610201007', '31842826d5bec2e57a78f2571e58aeba', 'Empleado', 3, '2017-06-11 00:00:00', ''),
	(44, 610201008, '610201008', '93b1ccd62eff5ad98a28e4d8d551e912', 'Empleado', 3, '2017-06-11 00:00:00', ''),
	(45, 610201009, '610201009', '46a193639651a31d0ab73af99e3ad923', 'Empleado', 3, '2017-06-11 00:00:00', ''),
	(46, 610201010, '610201010', '4edc7dfce291a4072df5fa510318ae11', 'Empleado', 3, '2017-06-11 00:00:00', ''),
	(47, 610201011, '610201011', 'ff1fbcb901c10360d42c700d855b08fb', 'Empleado', 3, '2017-06-11 00:00:00', ''),
	(48, 610201012, '610201012', '93aca331105e052264ff701f13a7c363', 'Empleado', 3, '2017-06-11 00:00:00', ''),
	(49, 610201015, '610201015', '5a3bf20ad64160f72a8f6507ba671b33', 'Empleado', 3, '2017-06-11 00:00:00', ''),
	(50, 610201016, '610201016', 'bdc3b8e961d0eb64bcbbc20554967e4e', 'Empleado', 3, '2017-06-11 00:00:00', ''),
	(51, 610201017, '610201017', '20f8f60a3db3455704df4d7f1982cb4f', 'Empleado', 3, '2017-06-11 00:00:00', ''),
	(52, 610201018, '610201018', 'ec4378c6f06b54b602c96e873f6f294f', 'Empleado', 3, '2017-06-11 00:00:00', ''),
	(53, 610201019, '610201019', '5a1e265789320823ee4a0f6f2dd6ea53', 'Empleado', 3, '2017-06-11 00:00:00', ''),
	(54, 610201020, '610201020', '3e3a6cb4b0aec6fdd06c2ec3c8e8247e', 'Empleado', 3, '2017-06-11 00:00:00', ''),
	(55, 610201021, '610201021', '50dac845c37f58330a54c6db56ed69f0', 'Empleado', 3, '2017-06-11 00:00:00', ''),
	(56, 610201022, '610201022', 'ddb20d8d88aedb9e0f816cf0770666e6', 'Empleado', 3, '2017-06-11 00:00:00', ''),
	(57, 610201024, '610201024', '08ea35bb560f66babad9622141430aa3', 'Empleado', 3, '2017-06-11 00:00:00', ''),
	(58, 610201025, '610201025', '11b2474ad6c7c6dc3d510cf033c27611', 'Empleado', 3, '2017-06-11 00:00:00', ''),
	(59, 610201027, '610201027', '4ad3fdf9152f9e2c7054f7fa16d37f52', 'Empleado', 3, '2017-06-11 00:00:00', ''),
	(60, 610201013, '610201013', '1fd0c56a449a73c0618803b23c76b796', 'Empleado', 3, '2017-06-11 00:00:00', ''),
	(61, 610201014, '610201014', '5da406609a12a83fcba3fc6d3f05e646', 'Empleado', 3, '2017-06-11 00:00:00', ''),
	(62, 610201023, '610201023', '760a91f3630193316eb77e65facae7b4', 'Empleado', 3, '2017-06-11 00:00:00', ''),
	(63, 610201026, '610201026', '1eb6dbdfea1eb9e88d0bded371a15e13', 'Empleado', 3, '2017-06-11 00:00:00', ''),
	(64, 610201028, '610201028', '5a47a7297c9cf0352c5ae6bb6ea023eb', 'Empleado', 3, '2017-06-11 00:00:00', ''),
	(65, 610201029, '610201029', 'e83e7b2d1dffb7d5be380e141a672623', 'Empleado', 3, '2017-06-11 00:00:00', ''),
	(66, 610201030, '610201030', 'e0acf62a2da97f50f6d2d268183486af', 'Empleado', 3, '2017-06-11 00:00:00', ''),
	(67, 610201031, '610201031', 'ae5c5103acbcb7e2bd099a924efd62f2', 'Empleado', 3, '2017-06-11 00:00:00', ''),
	(68, 610201032, '610201032', 'c252c9885ecf0a0891b6ee4d0b739f9d', 'Empleado', 3, '2017-06-11 00:00:00', ''),
	(69, 610201033, '610201033', 'f88b29a911711701918194cb1a406983', 'Empleado', 3, '2017-06-11 00:00:00', ''),
	(70, 610201035, '610201035', 'ed75ca25431e88a83636303e84f3dbff', 'Empleado', 3, '2017-06-11 00:00:00', ''),
	(71, 610203509, '610203509', 'b141dc8ed5d63a6934a169ac73b4e05d', 'Empleado', 3, '2017-06-11 00:00:00', ''),
	(72, 610203007, '610203007', '3fa534c6c3ee54562e9c40d10bcb4005', 'Empleado', 3, '2017-06-11 00:00:00', ''),
	(73, 610203510, '610203510', 'db60a9bf4c01fc829f05c969be94cba3', 'Empleado', 3, '2017-06-11 00:00:00', ''),
	(74, 610203511, '610203511', 'f177beedfa500884610bd1151178ac7f', 'Empleado', 3, '2017-06-11 00:00:00', ''),
	(75, 610203514, '610203514', '187311df3d37d17b8c565de941a0f0fc', 'Empleado', 3, '2017-06-11 00:00:00', ''),
	(76, 610203515, '610203515', '3af70c3d64c0eb9a2b570c69a78fc6a6', 'Empleado', 3, '2017-06-11 00:00:00', ''),
	(77, 610203516, '610203516', 'ef3b0c5e8ed2e72d05a693fb2ece866f', 'Empleado', 3, '2017-06-11 00:00:00', ''),
	(78, 610203517, '610203517', '4e0a88011cbf31f4f10a046e710e2907', 'Empleado', 3, '2017-06-11 00:00:00', ''),
	(79, 610203518, '610203518', 'f77293f91765520d038eb3c52edf341a', 'Empleado', 3, '2017-06-11 00:00:00', ''),
	(80, 610203501, '610203501', '30987d57f43b938564bc854facd2f9ee', 'Empleado', 3, '2017-06-11 00:00:00', ''),
	(81, 610203502, '610203502', 'dcb0e6b390bf6875328892bcebc42eb2', 'Empleado', 3, '2017-06-11 00:00:00', ''),
	(82, 610203503, '610203503', '72d218c067c031d54d41245316b0bfa5', 'Empleado', 3, '2017-06-11 00:00:00', ''),
	(83, 610203520, '610203520', 'f23b62d68c7223615014e4e4e5ca34fe', 'Empleado', 3, '2017-06-11 00:00:00', ''),
	(84, 610203521, '610203521', '6b04c33980025dd40556c7815457fa16', 'Empleado', 3, '2017-06-11 00:00:00', ''),
	(85, 610203522, '610203522', '1f17525dab96ac90d8fcf262cd63fdd5', 'Empleado', 3, '2017-06-11 00:00:00', ''),
	(86, 610203523, '610203523', '8f8eebb88c6f5d52e47cb295aeefaffa', 'Empleado', 3, '2017-06-11 00:00:00', ''),
	(87, 610203524, '610203524', '6cb89cb29248af61ec782bffc0c0f544', 'Empleado', 3, '2017-06-11 00:00:00', ''),
	(88, 610203525, '610203525', 'c3a34bff5906c2caeff16712f748dd1e', 'Empleado', 3, '2017-06-11 00:00:00', ''),
	(89, 610203526, '610203526', '577f3fd39e0f8abb32d6fdc41e5ecd77', 'Empleado', 3, '2017-06-11 00:00:00', ''),
	(90, 610203527, '610203527', 'b17b31d5938935caa41e698c60c5050b', 'Empleado', 3, '2017-06-11 00:00:00', ''),
	(91, 610203528, '610203528', '1ea04d97393f6bd79a84b7fbf3fd6d20', 'Empleado', 3, '2017-06-11 00:00:00', ''),
	(92, 610301015, '610301015', '0e7e98d587c7e9af50604e3c6f602dd0', 'Empleado', 3, '2017-06-11 00:00:00', ''),
	(93, 610301165, '610301165', '30382760e9dbbdb7134e275f2b3d787e', 'Empleado', 3, '2017-06-11 00:00:00', ''),
	(94, 610301503, '610301503', 'e7b9466a9e09379ed633277b139c7752', 'Empleado', 3, '2017-06-11 00:00:00', ''),
	(95, 610301504, '610301504', 'b71615da70f0d4444b10d66a5fa4b354', 'Empleado', 3, '2017-06-11 00:00:00', ''),
	(96, 610301506, '610301506', 'cfcd208495d565ef66e7dff9f98764da', 'Empleado', 3, '2017-06-11 00:00:00', ''),
	(97, 610301505, '610301505', '43d85787194da296226bab4ec2509016', 'Empleado', 3, '2017-06-11 00:00:00', ''),
	(98, 610301507, '610301507', 'ac8336cfa756b559a4b2ee29b29b9c61', 'Empleado', 3, '2017-06-11 00:00:00', ''),
	(99, 610301508, '610301508', 'f6d0f19c7ef0e79ec892f9448e207e5d', 'Empleado', 3, '2017-06-11 00:00:00', ''),
	(100, 610301509, '610301509', 'c9481817d73edfe2fbabc79f4ac2b1fe', 'Empleado', 3, '2017-06-11 00:00:00', ''),
	(101, 610301510, '610301510', '5b7281ed24e5f8a412dc165bfb9efbae', 'Empleado', 3, '2017-06-11 00:00:00', ''),
	(102, 610304008, '610304008', '5c9d993f41e7644ca38a284205e73b45', 'Empleado', 3, '2017-06-11 00:00:00', ''),
	(103, 610304009, '610304009', '173d6040c31020f20bb60deec4cb446d', 'Empleado', 3, '2017-06-11 00:00:00', ''),
	(104, 610304010, '610304010', '1a933cc2a594e136e8f565e40731d553', 'Empleado', 3, '2017-06-11 00:00:00', ''),
	(105, 610401016, '610401016', 'a47a802cda74bef8ba61bb5d5894a369', 'Empleado', 3, '2017-06-11 00:00:00', ''),
	(106, 610401503, '610401503', '40bc20961db4b6427f66adb35ff7e3a4', 'Empleado', 3, '2017-06-11 00:00:00', ''),
	(107, 610402017, '610402017', '945eccd393a7797451cb5170a5bc3c1b', 'Empleado', 3, '2017-06-11 00:00:00', ''),
	(108, 610402018, '610402018', '2638a72b6e01bb04f7b3887fe1d3c114', 'Empleado', 3, '2017-06-11 00:00:00', ''),
	(109, 610402019, '610402019', '442e6bcc52d921eaeab1556cd665e3f8', 'Empleado', 3, '2017-06-11 00:00:00', ''),
	(110, 610402022, '610402022', 'a40163eba9f33544b00d459ee30b43cd', 'Empleado', 3, '2017-06-11 00:00:00', ''),
	(111, 610402069, '610402069', 'f60c1cc6c95a1393efc7938e32b65e0b', 'Empleado', 3, '2017-06-11 00:00:00', ''),
	(112, 610402144, '610402144', '5059c2ec720d374510d6c56ad8cf2445', 'Empleado', 3, '2017-06-11 00:00:00', ''),
	(113, 610402181, '610402181', 'ef29415f0bf8035beb2a05070228e9ec', 'Empleado', 3, '2017-06-11 00:00:00', ''),
	(114, 610402182, '610402182', 'df4d842db14cc230a69971ae752033c1', 'Empleado', 3, '2017-06-11 00:00:00', ''),
	(115, 610402501, '610402501', 'c8a3cb784ed649c8916d911dabfb7df2', 'Empleado', 3, '2017-06-11 00:00:00', ''),
	(116, 610402503, '610402503', '3eeecd3b9c2f0ca04e7447fc4777504a', 'Empleado', 3, '2017-06-11 00:00:00', ''),
	(117, 610402504, '610402504', '2723eb995e5af21ae24ad72a1ff96b70', 'Empleado', 3, '2017-06-11 00:00:00', ''),
	(118, 610402505, '610402505', 'd379e67bf2aeb13168bcd9d4260cf9f8', 'Empleado', 3, '2017-06-11 00:00:00', ''),
	(119, 610402507, '610402507', 'bd9a8c9956e5f54bdbf49dd2f7bcbf4f', 'Empleado', 3, '2017-06-11 00:00:00', ''),
	(120, 610402508, '610402508', '8fe3fb74a1bc4b0e1034b98274f8150a', 'Empleado', 3, '2017-06-11 00:00:00', ''),
	(121, 610402509, '610402509', '8fa908b082d0b01944220f70dc35cf97', 'Empleado', 3, '2017-06-11 00:00:00', ''),
	(122, 610402510, '610402510', '8cf3a1df67c62779fa46c95fd1f91d67', 'Empleado', 3, '2017-06-11 00:00:00', ''),
	(123, 610402511, '610402511', '67d71ccb3bad27f657dc544958d694f4', 'Empleado', 3, '2017-06-11 00:00:00', ''),
	(124, 610402512, '610402512', 'cb4e3e2195fc3757d9d6d30a90253491', 'Empleado', 3, '2017-06-11 00:00:00', ''),
	(125, 610402136, '610402136', '43c3607eee2dc42e920016fecfae6f33', 'Empleado', 3, '2017-06-11 00:00:00', ''),
	(126, 610402513, '610402513', '0e689a852ab0b4cecade799690a77013', 'Empleado', 3, '2017-06-11 00:00:00', ''),
	(127, 610402514, '610402514', 'dd54b6561212403c0c274ee8ea1c4659', 'Empleado', 3, '2017-06-11 00:00:00', ''),
	(128, 610402515, '610402515', 'e5997ef8bb78b276907dedf5f61ea69c', 'Empleado', 3, '2017-06-11 00:00:00', ''),
	(129, 610402517, '610402517', 'b17cf2b525a0087bfe326aba43f20018', 'Empleado', 3, '2017-06-11 00:00:00', ''),
	(130, 610402518, '610402518', 'b710ac19d7e0a3aaa7d062919970ed70', 'Empleado', 3, '2017-06-11 00:00:00', ''),
	(131, 610402519, '610402519', 'd79d2725a5b4de0089bfdf83c9e18f89', 'Empleado', 3, '2017-06-11 00:00:00', ''),
	(132, 610402520, '610402520', '521ef2d284abb4edbc9504450a8f3d6b', 'Empleado', 3, '2017-06-11 00:00:00', ''),
	(133, 610402522, '610402522', '939b40cca56d067b1ce3f92352fdab58', 'Empleado', 3, '2017-06-11 00:00:00', ''),
	(134, 610403180, '610403180', '5a795cb339b0e436670cba8bca8741d0', 'Empleado', 3, '2017-06-11 00:00:00', ''),
	(135, 610403020, '610403020', '8fe0101b0212a57b97d00fe742305485', 'Empleado', 3, '2017-06-11 00:00:00', ''),
	(136, 610403024, '610403024', '633ab977de60ebad5a9a224adb360e04', 'Empleado', 3, '2017-06-11 00:00:00', ''),
	(137, 610403026, '610403026', '4a664d7b3747f88a3321ff895f40fb25', 'Empleado', 3, '2017-06-11 00:00:00', ''),
	(138, 610403027, '610403027', '4fe0477f55b913a6e9247b39d7eb02eb', 'Empleado', 3, '2017-06-11 00:00:00', ''),
	(139, 610403028, '610403028', 'b0f9a376db22f1d0eb91d3baae69949b', 'Empleado', 3, '2017-06-11 00:00:00', ''),
	(140, 610403033, '610403033', 'ed4ce468acacbb42eec026794372ba68', 'Empleado', 3, '2017-06-11 00:00:00', ''),
	(141, 610403034, '610403034', '64aa75c2f84100b4d500840231bd2c77', 'Empleado', 3, '2017-06-11 00:00:00', ''),
	(142, 610403038, '610403038', '865a7eebbf1fb704b15a1450407d2cb8', 'Empleado', 3, '2017-06-11 00:00:00', ''),
	(143, 610403039, '610403039', 'f9453432a28111b4719804166111cc46', 'Empleado', 3, '2017-06-11 00:00:00', ''),
	(144, 610403040, '610403040', 'ddc72054f0df37dbe46217d3019cd3e7', 'Empleado', 3, '2017-06-11 00:00:00', ''),
	(145, 610403048, '610403048', 'e4d55b565c6e193f356d82407f538495', 'Empleado', 3, '2017-06-11 00:00:00', ''),
	(146, 610403052, '610403052', 'a0ab6756c478e9606e64083320bb411e', 'Empleado', 3, '2017-06-11 00:00:00', ''),
	(147, 610403172, '610403172', '3d62ddc280533f3ce9437b0517981f4e', 'Empleado', 3, '2017-06-11 00:00:00', ''),
	(148, 610403176, '610403176', '73d1ed59e1371359f974947038465826', 'Empleado', 3, '2017-06-11 00:00:00', ''),
	(149, 610403177, '610403177', '3105a689f42d1f939e080c2178080a6a', 'Empleado', 3, '2017-06-11 00:00:00', ''),
	(150, 610403179, '610403179', '0afcecbd642dd8d3edfe0ac34ff47529', 'Empleado', 3, '2017-06-11 00:00:00', ''),
	(151, 610403181, '610403181', '9eb226d828c4510032b4b945ed3cd44e', 'Empleado', 3, '2017-06-11 00:00:00', ''),
	(152, 610403182, '610403182', 'b648b659bec81d6a67c35216697a9f6b', 'Empleado', 3, '2017-06-11 00:00:00', ''),
	(153, 610403183, '610403183', 'c4c36272e83a72cf2a04ad63dd5a5e12', 'Empleado', 3, '2017-06-11 00:00:00', ''),
	(154, 610404021, '610404021', '7b67afea0fbaa6e5be1921b4690a72cc', 'Empleado', 3, '2017-06-11 00:00:00', ''),
	(155, 610404023, '610404023', '3f7e02d6107cd4611d65abf0d0ee5810', 'Empleado', 3, '2017-06-11 00:00:00', ''),
	(156, 610404050, '610404050', 'c3080d8ae977041cd82ade60803f58dc', 'Empleado', 3, '2017-06-11 00:00:00', ''),
	(157, 610404054, '610404054', '8b824b3e1514b922f19c1bb408d88e5e', 'Empleado', 3, '2017-06-11 00:00:00', ''),
	(158, 610404055, '610404055', '6b61b7479fd3f200427cf5b099e4365f', 'Empleado', 3, '2017-06-11 00:00:00', ''),
	(159, 610404058, '610404058', '1c3e7bf0733e081f04eb05a1829322d3', 'Empleado', 3, '2017-06-11 00:00:00', ''),
	(160, 610404505, '610404505', '92f0e161c185541e4be73690bce86b77', 'Empleado', 3, '2017-06-11 00:00:00', ''),
	(161, 610404506, '610404506', '68a62498994d77db3c1bc199125ba82f', 'Empleado', 3, '2017-06-11 00:00:00', ''),
	(162, 610404508, '610404508', 'b3f075fdf400a8bf94b670ea934d0e4a', 'Empleado', 3, '2017-06-11 00:00:00', ''),
	(163, 610404509, '610404509', '4177db8bef394fa06a133d107178a2b4', 'Empleado', 3, '2017-06-11 00:00:00', ''),
	(164, 610406064, '610406064', '67f4a9395096aa3f38da85cc81405571', 'Empleado', 3, '2017-06-11 00:00:00', ''),
	(165, 610406065, '610406065', '8271b19b2db6b24cb8590f5d30a77272', 'Empleado', 3, '2017-06-11 00:00:00', ''),
	(166, 610406066, '610406066', '9cc4eded65e1a4a305aa38c921bdc9dc', 'Empleado', 3, '2017-06-11 00:00:00', ''),
	(167, 610407065, '610407065', 'd4e4fb8b263754349e8db0f213174caa', 'Empleado', 3, '2017-06-11 00:00:00', ''),
	(168, 610407066, '610407066', '6d6e3c648aadffe0933dac193083452f', 'Empleado', 3, '2017-06-11 00:00:00', ''),
	(169, 610407067, '610407067', 'bc57e987aecc8ea1bdf57b6ef8f266c7', 'Empleado', 3, '2017-06-11 00:00:00', ''),
	(170, 610407070, '610407070', 'cf4ee64e78f0fb754f57b60e2bd91bfe', 'Empleado', 3, '2017-06-11 00:00:00', ''),
	(171, 610407071, '610407071', 'cd4eedad5349e5bdff09d7e5a99cbd06', 'Empleado', 3, '2017-06-11 00:00:00', ''),
	(172, 610407073, '610407073', 'c9375171ec6eab2c4be35b9f91ad47c8', 'Empleado', 3, '2017-06-11 00:00:00', ''),
	(173, 610407141, '610407141', 'ef2f83acd3d1d38440797d98ff00d14f', 'Empleado', 3, '2017-06-11 00:00:00', ''),
	(174, 610407148, '610407148', '10379ebe98de63d464e964be3c8aaf15', 'Empleado', 3, '2017-06-11 00:00:00', ''),
	(175, 610407157, '610407157', 'f891208fd1286bd5f03cfd1e315aa48f', 'Empleado', 3, '2017-06-11 00:00:00', ''),
	(176, 610407158, '610407158', '7e8e3539c6ec57e0149d574754e04c66', 'Empleado', 3, '2017-06-11 00:00:00', ''),
	(177, 610407507, '610407507', 'bbf470754e99366d680f2bd5e9e6beaf', 'Empleado', 3, '2017-06-11 00:00:00', ''),
	(178, 610407501, '610407501', '13cba145c48282ed3de54a60a2d18a51', 'Empleado', 3, '2017-06-11 00:00:00', ''),
	(179, 610407502, '610407502', '3640e5a6f49c6f496aa6379ea1ffdb97', 'Empleado', 3, '2017-06-11 00:00:00', ''),
	(180, 610407505, '610407505', 'd2d7d55d116db6c990b0586032002847', 'Empleado', 3, '2017-06-11 00:00:00', ''),
	(181, 610407506, '610407506', 'fc4b11427cfbc17ba7f95bc4ef7170e6', 'Empleado', 3, '2017-06-11 00:00:00', ''),
	(182, 610407508, '610407508', '9b2ec57d285af092164c68127ee3a03c', 'Empleado', 3, '2017-06-11 00:00:00', ''),
	(183, 610414083, '610414083', '09736d63d8aba2a13c004be126f48862', 'Empleado', 3, '2017-06-11 00:00:00', ''),
	(184, 610413081, '610413081', '7e0c1b9660228ca4a6f087fac3058584', 'Empleado', 3, '2017-06-11 00:00:00', ''),
	(185, 610413501, '610413501', '93578e458a731dda07c95227500db8a8', 'Empleado', 3, '2017-06-11 00:00:00', ''),
	(186, 610413502, '610413502', '11490a787439a76cf53ff74f206317c9', 'Empleado', 3, '2017-06-11 00:00:00', ''),
	(187, 610413504, '610413504', 'caad655a070ace9936749f684b4a8ee3', 'Empleado', 3, '2017-06-11 00:00:00', ''),
	(188, 610409502, '610409502', 'f80e93194a9448c8b7998cb1ae32b4ea', 'Empleado', 3, '2017-06-11 00:00:00', ''),
	(189, 610409503, '610409503', '337d1089ba77b4424a0e76f8d1a37bfe', 'Empleado', 3, '2017-06-11 00:00:00', ''),
	(190, 610409505, '610409505', '48efcba16166e673fa53a3894bdd3b86', 'Empleado', 3, '2017-06-11 00:00:00', ''),
	(191, 610409507, '610409507', '842fea9fe2b10c1c7ab8422596453881', 'Empleado', 3, '2017-06-11 00:00:00', ''),
	(192, 2147483647, '61040950701', 'ed34b2d32bb9e00d09a50b4f55eb1c6d', 'Empleado', 3, '2017-06-11 00:00:00', ''),
	(195, 610409508, '610409508', '5022ea70cf075e0e70ea843d093d9081', 'Empleado', 3, '2017-06-11 00:00:00', ''),
	(196, 610410076, '610410076', '63c4083ffcecadaf98e965932d285397', 'Empleado', 3, '2017-06-11 00:00:00', ''),
	(197, 610410147, '610410147', '046a5568479d94d5b35eb0d5b8c3b009', 'Empleado', 3, '2017-06-11 00:00:00', ''),
	(198, 610411079, '610411079', '8e4ffb9746cbb3417e1ea08259d8b8b3', 'Empleado', 3, '2017-06-11 00:00:00', ''),
	(199, 610411142, '610411142', 'd2082217d1d01ec9347c2370b49c8de4', 'Empleado', 3, '2017-06-11 00:00:00', ''),
	(200, 610411143, '610411143', '34ea10f4832aab659197977976a97f9d', 'Empleado', 3, '2017-06-11 00:00:00', ''),
	(201, 610415025, '610415025', 'ea8c33afb562fd6873d29f74a427b9dc', 'Empleado', 3, '2017-06-11 00:00:00', ''),
	(202, 610415031, '610415031', 'f2830a994d7f852bcb14150eeb257ac0', 'Empleado', 3, '2017-06-11 00:00:00', ''),
	(203, 610415042, '610415042', 'b3902359ad9c3252707bcab611b5f123', 'Empleado', 3, '2017-06-11 00:00:00', ''),
	(204, 610415043, '610415043', '6d8fb91e52c98a469dc3bbc587e15334', 'Empleado', 3, '2017-06-11 00:00:00', ''),
	(205, 610415044, '610415044', '756f72fb3775c0f50c61cc7a277d2b19', 'Empleado', 3, '2017-06-11 00:00:00', ''),
	(206, 610415045, '610415045', '54f25ebb09cc329a616b18cba98bfe2b', 'Empleado', 3, '2017-06-11 00:00:00', ''),
	(207, 610412080, '610412080', 'd4ff8d9d5ab785ff1aff4c29c1ba3ee0', 'Empleado', 3, '2017-06-11 00:00:00', ''),
	(208, 610412100, '610412100', '26ca890e3823d9585259465560c45d42', 'Empleado', 3, '2017-06-11 00:00:00', ''),
	(209, 610412501, '610412501', '160de55b1cb67db82b937f37511d6b12', 'Empleado', 3, '2017-06-11 00:00:00', ''),
	(210, 610412502, '610412502', 'cfcd208495d565ef66e7dff9f98764da', 'Empleado', 3, '2017-06-11 00:00:00', ''),
	(211, 610501084, '610501084', '46ede589ba31b77a01e314b0af072ece', 'Empleado', 3, '2017-06-11 00:00:00', ''),
	(212, 610501085, '610501085', 'a1000ecd43d9613174ec8f1380712839', 'Empleado', 3, '2017-06-11 00:00:00', ''),
	(213, 610502085, '610502085', '85d11d994252ebcafa349e59e541b3e3', 'Empleado', 3, '2017-06-11 00:00:00', ''),
	(214, 610502088, '610502088', '924ee08df46e20655a1c5bd638886496', 'Empleado', 3, '2017-06-11 00:00:00', ''),
	(215, 610502089, '610502089', 'b77ee601b4d06b9e3572000a5541fca9', 'Empleado', 3, '2017-06-11 00:00:00', ''),
	(216, 610502090, '610502090', '843ec44d50676fa27477d787fa0e9158', 'Empleado', 3, '2017-06-11 00:00:00', ''),
	(217, 610502091, '610502091', 'cfcd208495d565ef66e7dff9f98764da', 'Empleado', 3, '2017-06-11 00:00:00', ''),
	(218, 610502092, '610502092', '15f9332a23a826cb95a39ad0a4469b5b', 'Empleado', 3, '2017-06-11 00:00:00', ''),
	(219, 610502096, '610502096', 'c921d1408a5bfa5abffd97676be10f63', 'Empleado', 3, '2017-06-11 00:00:00', ''),
	(220, 610502143, '610502143', 'f87f64b01c8f04394ddfbc0d92ede0ba', 'Empleado', 3, '2017-06-11 00:00:00', ''),
	(221, 610502154, '610502154', '4547a9ca1c88d45b1866517563971c61', 'Empleado', 3, '2017-06-11 00:00:00', ''),
	(222, 610502155, '610502155', '672d580bf538976d7a03d5e8efbd659c', 'Empleado', 3, '2017-06-11 00:00:00', ''),
	(223, 610502158, '610502158', 'dfbccd1fb90ea3d24f52d4f2b3ab4db1', 'Empleado', 3, '2017-06-11 00:00:00', ''),
	(224, 610502159, '610502159', '1a7fba1fba1cdfa9fe66adcfeb9a437c', 'Empleado', 3, '2017-06-11 00:00:00', ''),
	(225, 610502160, '610502160', '24cc6d1301756fb31d11dc54c5b4177d', 'Empleado', 3, '2017-06-11 00:00:00', ''),
	(226, 610502161, '610502161', 'ffaa8f988c92c0ece121cb79eef80d2a', 'Empleado', 3, '2017-06-11 00:00:00', ''),
	(227, 610503097, '610503097', 'aff345c4ab14c629365b432c9437091f', 'Empleado', 3, '2017-06-11 00:00:00', ''),
	(228, 610503098, '610503098', 'a3e84aa72a69ef903fd563e770528277', 'Empleado', 3, '2017-06-11 00:00:00', ''),
	(229, 610503099, '610503099', 'fc5db8f742284df946a9712d3569c103', 'Empleado', 3, '2017-06-11 00:00:00', ''),
	(230, 610701101, '610701101', '564c83df6053459152327581bb54f038', 'Empleado', 3, '2017-06-11 00:00:00', ''),
	(231, 610701102, '610701102', 'c8ef8d1b7f24e3922a7c85989676dfa5', 'Empleado', 3, '2017-06-11 00:00:00', ''),
	(232, 610701105, '610701105', '1f7889842d10b0aff19a468265f46d51', 'Empleado', 3, '2017-06-11 00:00:00', ''),
	(233, 610701106, '610701106', '5a06c85245e8b4c5489809297f4ff8f4', 'Empleado', 3, '2017-06-11 00:00:00', ''),
	(234, 610701107, '610701107', '0949a04da3d6fc1f3b5c80b065282a68', 'Empleado', 3, '2017-06-11 00:00:00', ''),
	(235, 610701108, '610701108', 'f61d381ffeb942deb5509167be10cf44', 'Empleado', 3, '2017-06-11 00:00:00', ''),
	(236, 610701109, '610701109', '1dcb393164a2dcdc999c718a718eb821', 'Empleado', 3, '2017-06-11 00:00:00', ''),
	(237, 610701110, '610701110', '47ca565b8e69ccfa5d9b8a342608e3de', 'Empleado', 3, '2017-06-11 00:00:00', ''),
	(238, 610701111, '610701111', '153dd9dc45918886dfc5a7c14496c8d0', 'Empleado', 3, '2017-06-11 00:00:00', ''),
	(239, 610702001, '610702001', 'd9fed42f385afa62e9732ef2c6525f11', 'Empleado', 3, '2017-06-11 00:00:00', ''),
	(240, 610702002, '610702002', '8658be934d475d2f6548a4cfb0d75dab', 'Empleado', 3, '2017-06-11 00:00:00', ''),
	(241, 610702004, '610702004', '7a47bac5f8614d9ad645f252ce33a854', 'Empleado', 3, '2017-06-11 00:00:00', ''),
	(242, 610804111, '610804111', '4680eb94707233441145c1b9878e1f00', 'Empleado', 3, '2017-06-11 00:00:00', ''),
	(243, 610804114, '610804114', '6195700cf8741a9e04c0a540082392d8', 'Empleado', 3, '2017-06-11 00:00:00', ''),
	(244, 610804115, '610804115', '01f022ea1429e35d7db38d698d98837b', 'Empleado', 3, '2017-06-11 00:00:00', ''),
	(245, 610804116, '610804116', 'b93e8206ae03dbfdcd7d6f3a7d54fa88', 'Empleado', 3, '2017-06-11 00:00:00', ''),
	(246, 610801103, '610801103', '4cc174bda5d08a16e13e2af9dd85651b', 'Empleado', 3, '2017-06-11 00:00:00', ''),
	(247, 610801152, '610801152', '28e399617cb9a8f8df665cb84ca7aae4', 'Empleado', 3, '2017-06-11 00:00:00', ''),
	(248, 610801154, '610801154', 'acb4f538b0685e5d7d5b7e66bd5ccfea', 'Empleado', 3, '2017-06-11 00:00:00', ''),
	(249, 610801157, '610801157', '11e24f9b0ca228b6a895505063a20e60', 'Empleado', 3, '2017-06-11 00:00:00', ''),
	(250, 610801158, '610801158', '1ef67d584de0aa6125a5ae1b0487977a', 'Empleado', 3, '2017-06-11 00:00:00', ''),
	(251, 610801160, '610801160', '502dfca861c2a3a0ec03fcf8f59c0d52', 'Empleado', 3, '2017-06-11 00:00:00', ''),
	(252, 610801155, '610801155', 'e297a8265f72a6deb097f2b8e678c84b', 'Empleado', 3, '2017-06-11 00:00:00', ''),
	(253, 610801156, '610801156', 'f2d85167c02f8dcbc4fe6470354547b3', 'Empleado', 3, '2017-06-11 00:00:00', ''),
	(254, 610801159, '610801159', '2e48ae6061f23bed72d0af30f13a0881', 'Empleado', 3, '2017-06-11 00:00:00', ''),
	(255, 610801180, '610801180', '8943d101fc1aef292071fc7eea52ce82', 'Empleado', 3, '2017-06-11 00:00:00', ''),
	(256, 610801162, '610801162', '8b906b4b4a9671fbd3a92d858a2aee5e', 'Empleado', 3, '2017-06-11 00:00:00', ''),
	(257, 610801191, '610801191', 'df93c4e79b94e3f5eab05abe25efc56e', 'Empleado', 3, '2017-06-11 00:00:00', ''),
	(258, 610801192, '610801192', '24b7658777cb200cf79b8aea419be7a4', 'Empleado', 3, '2017-06-11 00:00:00', ''),
	(259, 610801193, '610801193', 'cfcd208495d565ef66e7dff9f98764da', 'Empleado', 3, '2017-06-11 00:00:00', ''),
	(260, 610801194, '610801194', 'd6fffaaf8c14899c3f1b082cc7c1717d', 'Empleado', 3, '2017-06-11 00:00:00', ''),
	(261, 610801195, '610801195', '8ca09283c1f0e6faa5ac4bd1a736415e', 'Empleado', 3, '2017-06-11 00:00:00', ''),
	(262, 610801196, '610801196', 'e2281104a715c9c3e9f75fe987e57e20', 'Empleado', 3, '2017-06-11 00:00:00', ''),
	(263, 610805001, '610805001', '1463e3e1c11095b7ba80739578b8d060', 'Empleado', 3, '2017-06-11 00:00:00', ''),
	(264, 610803105, '610803105', '37811fe8b778180b397eac4b47ed6ee9', 'Empleado', 3, '2017-06-11 00:00:00', ''),
	(265, 610803106, '610803106', '082ffeac12f469746d08b038d672b296', 'Empleado', 3, '2017-06-11 00:00:00', ''),
	(266, 610803107, '610803107', '160d1b1efbcb567ce8b720ffdd7eaaaa', 'Empleado', 3, '2017-06-11 00:00:00', ''),
	(267, 610803109, '610803109', '46a558d22e48f851a7d8a4f3d8eb1dc2', 'Empleado', 3, '2017-06-11 00:00:00', ''),
	(268, 610803110, '610803110', '4ed7af54a986ebf2958b25fcb4873ef7', 'Empleado', 3, '2017-06-11 00:00:00', ''),
	(269, 610803112, '610803112', 'efdf30fe2271cda771430c2af244a4fe', 'Empleado', 3, '2017-06-11 00:00:00', ''),
	(270, 610803113, '610803113', '345af3aec6c96231c7a5da7c56c83766', 'Empleado', 3, '2017-06-11 00:00:00', ''),
	(271, 610803175, '610803175', '757f40261f644b8ee12e11304da50274', 'Empleado', 3, '2017-06-11 00:00:00', ''),
	(272, 610803176, '610803176', '26f27c67d64ec9dac2613f6ab8461c32', 'Empleado', 3, '2017-06-11 00:00:00', ''),
	(273, 610803178, '610803178', '50ca74f26bf16474e10dc2666458018d', 'Empleado', 3, '2017-06-11 00:00:00', ''),
	(274, 610803179, '610803179', '9fe673696ce925208771214d4762e5f4', 'Empleado', 3, '2017-06-11 00:00:00', ''),
	(275, 610803180, '610803180', 'b89f113e4f7fdf49dd46c31718445b64', 'Empleado', 3, '2017-06-11 00:00:00', ''),
	(276, 610803181, '610803181', '410ab885c1fc91994d2bef91f0ceeb74', 'Empleado', 3, '2017-06-11 00:00:00', ''),
	(277, 610803182, '610803182', '11f83a331249c68f93638154e2d7963f', 'Empleado', 3, '2017-06-11 00:00:00', ''),
	(278, 610803183, '610803183', 'e4926a52c5c8830305016c13378afe7c', 'Empleado', 3, '2017-06-11 00:00:00', ''),
	(279, 610902116, '610902116', 'b51994f0544dfa13379b6f1ca253c1b7', 'Empleado', 3, '2017-06-11 00:00:00', ''),
	(280, 610902176, '610902176', '2d794895f348919513c497b2deb6ba26', 'Empleado', 3, '2017-06-11 00:00:00', ''),
	(281, 610902177, '610902177', 'cfcd208495d565ef66e7dff9f98764da', 'Empleado', 3, '2017-06-11 00:00:00', ''),
	(282, 610902178, '610902178', 'dc327e271c688c53db5c546b23488321', 'Empleado', 3, '2017-06-11 00:00:00', ''),
	(283, 610904001, '610904001', 'a1fa5c0ffd8dc92dd2612fc9e4672a6a', 'Empleado', 3, '2017-06-11 00:00:00', ''),
	(284, 610903001, '610903001', 'a7a790305394979a34f7a2bc721872da', 'Empleado', 3, '2017-06-11 00:00:00', ''),
	(285, 610901115, '610901115', '623683557bafd21f1e27d3bf2df42832', 'Empleado', 3, '2017-06-11 00:00:00', ''),
	(286, 610901501, '610901501', '8db1accad2f3d9b899b9394b63019c47', 'Empleado', 3, '2017-06-11 00:00:00', ''),
	(287, 610901503, '610901503', 'be97e08d88830fd0913bffcfd2dd0715', 'Empleado', 3, '2017-06-11 00:00:00', ''),
	(288, 610901504, '610901504', 'e9b3b624fc8326041bd21f2bacddbb93', 'Empleado', 3, '2017-06-11 00:00:00', ''),
	(289, 610901506, '610901506', '2545e3d02ac24934c9aa8e4e77e62fcf', 'Empleado', 3, '2017-06-11 00:00:00', ''),
	(290, 610901507, '610901507', 'd9feeb0bad8736dbbe4432883e66c514', 'Empleado', 3, '2017-06-11 00:00:00', ''),
	(291, 610901508, '610901508', '6a832059c334929c5aef30c55225d61b', 'Empleado', 3, '2017-06-11 00:00:00', ''),
	(292, 610901510, '610901510', 'c89d847e7bc5164ecb9d0db572e7ac32', 'Empleado', 3, '2017-06-11 00:00:00', ''),
	(293, 610901511, '610901511', '005ffc5d3e0cfea752bbf8e4ed85f516', 'Empleado', 3, '2017-06-11 00:00:00', ''),
	(294, 610901512, '610901512', 'f8b236e3c6f1717eccf8aa1e8c038416', 'Empleado', 3, '2017-06-11 00:00:00', ''),
	(295, 610901513, '610901513', 'ee93dab49b7528bb84bba88166bb4272', 'Empleado', 3, '2017-06-11 00:00:00', ''),
	(296, 611001119, '611001119', 'be18cd27f034952df684fcdb45d46ec8', 'Empleado', 3, '2017-06-11 00:00:00', ''),
	(297, 611001120, '611001120', '13401e25c2cee1009bb50ae9a0e2c37f', 'Empleado', 3, '2017-06-11 00:00:00', ''),
	(298, 611001121, '611001121', '06c1e256a8dd4360b60954be3de47855', 'Empleado', 3, '2017-06-11 00:00:00', ''),
	(299, 611001123, '611001123', '9898707b31c7487df57de3e49102f43a', 'Empleado', 3, '2017-06-11 00:00:00', ''),
	(300, 611001174, '611001174', '52ed1c4d893ed189f509d6c5e751911f', 'Empleado', 3, '2017-06-11 00:00:00', ''),
	(301, 611001501, '611001501', '31764356774f095725ab34598ea21a85', 'Empleado', 3, '2017-06-11 00:00:00', ''),
	(302, 611001502, '611001502', '41e7a35061263c1f6d872c2cbafec07b', 'Empleado', 3, '2017-06-11 00:00:00', ''),
	(303, 611001503, '611001503', '2ed7263d95c34d3b294e47660fc49d34', 'Empleado', 3, '2017-06-11 00:00:00', ''),
	(304, 611001504, '611001504', '4c3f645021d82c42d9504c85ddceb28f', 'Empleado', 3, '2017-06-11 00:00:00', ''),
	(305, 611001505, '611001505', 'ee488a3af5d7ad3c8d27d3bf6605b309', 'Empleado', 3, '2017-06-11 00:00:00', ''),
	(306, 611001510, '611001510', '0e81ed00f9ed82d3708eb6a09978cfc5', 'Empleado', 3, '2017-06-11 00:00:00', ''),
	(307, 611001512, '611001512', '7c34012c251f90725ceadf20d382e302', 'Empleado', 3, '2017-06-11 00:00:00', ''),
	(308, 611001514, '611001514', '8dd708fe28c580005a5256d57ac693fd', 'Empleado', 3, '2017-06-11 00:00:00', ''),
	(309, 611001507, '611001507', '1197b526e8ae2e3c9f45a1fa42a1cd39', 'Empleado', 3, '2017-06-11 00:00:00', ''),
	(310, 611001511, '611001511', 'c91395889b9931dbf7dacd23cd8502de', 'Empleado', 3, '2017-06-11 00:00:00', ''),
	(311, 611001516, '611001516', '0a4e1333408fc4db8c75d7c9ca5c8258', 'Empleado', 3, '2017-06-11 00:00:00', ''),
	(312, 611001517, '611001517', 'fa8d48fc76f495ae88a9cb57959464c2', 'Empleado', 3, '2017-06-11 00:00:00', ''),
	(313, 611001518, '611001518', '12128c23b79a9720e8af56d252f45fdd', 'Empleado', 3, '2017-06-11 00:00:00', ''),
	(314, 611001519, '611001519', '9221869ab37a5b669a56a76bdd808894', 'Empleado', 3, '2017-06-11 00:00:00', ''),
	(315, 611001520, '611001520', '67b920c3d25a74c0e0bee95887dc12db', 'Empleado', 3, '2017-06-11 00:00:00', ''),
	(316, 611001521, '611001521', '78579148ad1eb0ba1761c7a409bc4db7', 'Empleado', 3, '2017-06-11 00:00:00', ''),
	(317, 611001523, '611001523', '7bac9885923e6667524d6977b8aacaaf', 'Empleado', 3, '2017-06-11 00:00:00', ''),
	(318, 611001524, '611001524', '116e4d1a2f230056fef735abc82c0c2b', 'Empleado', 3, '2017-06-11 00:00:00', ''),
	(319, 611001525, '611001525', '4944738ed0302201248071788b7f43ce', 'Empleado', 3, '2017-06-11 00:00:00', ''),
	(320, 611004001, '611004001', '39467981ec178b74470c3667bc212f64', 'Empleado', 3, '2017-06-11 00:00:00', ''),
	(321, 611002501, '611002501', '0ec70b3600349f9495b36054be25a48d', 'Empleado', 3, '2017-06-11 00:00:00', ''),
	(322, 611002502, '611002502', '6ce4d6486b836f4a8475bf89361b52e4', 'Empleado', 3, '2017-06-11 00:00:00', ''),
	(323, 611002503, '611002503', 'c4257eb314c12a44d9824391b760e796', 'Empleado', 3, '2017-06-11 00:00:00', ''),
	(324, 611002504, '611002504', '30d4987082c6312ad545903e8677d493', 'Empleado', 3, '2017-06-11 00:00:00', ''),
	(325, 611002505, '611002505', 'd3715d1a359fbf3ab023cf9091ca57ce', 'Empleado', 3, '2017-06-11 00:00:00', ''),
	(326, 611002506, '611002506', '4c2a91b0f8d3619bb6a1a18485407f09', 'Empleado', 3, '2017-06-11 00:00:00', ''),
	(327, 611003125, '611003125', 'cee0941019b6bc5ea2a6d32f41886627', 'Empleado', 3, '2017-06-11 00:00:00', ''),
	(328, 611003127, '611003127', '1c3bb64dd63ee3e4326293d37c8d0460', 'Empleado', 3, '2017-06-11 00:00:00', ''),
	(329, 611003128, '611003128', 'fe914076998d6a7257dc3b57bcc7cb83', 'Empleado', 3, '2017-06-11 00:00:00', ''),
	(330, 611003129, '611003129', '59867718eb0b20f203bb86ab1c3524b7', 'Empleado', 3, '2017-06-11 00:00:00', ''),
	(331, 611003130, '611003130', 'bfd28c0b6b078190bdcec8a790a9c33b', 'Empleado', 3, '2017-06-11 00:00:00', ''),
	(332, 611102128, '611102128', '82ec6ec24686c2d8a022cfea6786814e', 'Empleado', 3, '2017-06-11 00:00:00', ''),
	(333, 611102130, '611102130', '5e174af83195eff47389811cb79f0a9e', 'Empleado', 3, '2017-06-11 00:00:00', ''),
	(334, 611102133, '611102133', '58b691a3590db04b385464d0c64e7f4e', 'Empleado', 3, '2017-06-11 00:00:00', ''),
	(335, 611102131, '611102131', '2aa5c9dddadc8ee90bf41950f3bf2fcd', 'Empleado', 3, '2017-06-11 00:00:00', ''),
	(336, 611102132, '611102132', 'ed2270bd72b309d3e5ce95a55ca7088f', 'Empleado', 3, '2017-06-11 00:00:00', ''),
	(337, 611102134, '611102134', '5e04e8ab0edbd5bf48c75359efc21a43', 'Empleado', 3, '2017-06-11 00:00:00', ''),
	(338, 611102135, '611102135', '93a764a5625aa5c9f822ed4d16d5eefb', 'Empleado', 3, '2017-06-11 00:00:00', ''),
	(339, 611102136, '611102136', 'f8d5b8d956d338ad3fa7cd66589f733c', 'Empleado', 3, '2017-06-11 00:00:00', ''),
	(340, 611102138, '611102138', 'aee330dfff81ffb2d188245422abd824', 'Empleado', 3, '2017-06-11 00:00:00', ''),
	(341, 611103129, '611103129', '6545be49023ac1747b8ab7b6c32ca45e', 'Empleado', 3, '2017-06-11 00:00:00', ''),
	(342, 611103130, '611103130', 'c69725a5f3e7258b75ec80627de47b70', 'Empleado', 3, '2017-06-11 00:00:00', ''),
	(343, 611103131, '611103131', '899fc8e93851af8d74c9ae53ad66a60f', 'Empleado', 3, '2017-06-11 00:00:00', ''),
	(344, 611103132, '611103132', 'aedde4b84ee0dca2a72618a8c22addb5', 'Empleado', 3, '2017-06-11 00:00:00', ''),
	(345, 611103133, '611103133', '399d8bab1486657744d8c3d5db273106', 'Empleado', 3, '2017-06-11 00:00:00', ''),
	(346, 611103134, '611103134', 'd2f9079104ae07105a83e7f1574e5289', 'Empleado', 3, '2017-06-11 00:00:00', ''),
	(347, 611103135, '611103135', '153bf80a7e84cfbed1b41f693f3e6c17', 'Empleado', 3, '2017-06-11 00:00:00', ''),
	(348, 611104131, '611104131', 'ce366eaac599d076f89d34703a705065', 'Empleado', 3, '2017-06-11 00:00:00', ''),
	(349, 611104132, '611104132', '4d25d93717a082cd59295ab4e71ec2a0', 'Empleado', 3, '2017-06-11 00:00:00', ''),
	(350, 611104133, '611104133', '968b07b422fc91a53363c71a5b081cb0', 'Empleado', 3, '2017-06-11 00:00:00', ''),
	(351, 611105132, '611105132', 'cdf329dadb96f0cb621d08d6fab420da', 'Empleado', 3, '2017-06-11 00:00:00', ''),
	(352, 611201172, '611201172', '0d9f81fa98f8601a5d575a999517292a', 'Empleado', 3, '2017-06-11 00:00:00', ''),
	(353, 611201133, '611201133', 'eb1fc68a0bf906677889eb1c86ff6a11', 'Empleado', 3, '2017-06-11 00:00:00', ''),
	(354, 611201135, '611201135', 'aa3d84502e1d612bf5d9c4e448cab766', 'Empleado', 3, '2017-06-11 00:00:00', ''),
	(355, 611201502, '611201502', '876bed0dec8c0dc6f059d75161a27d40', 'Empleado', 3, '2017-06-11 00:00:00', ''),
	(356, 611201508, '611201508', 'e38ecef1d5a2d3954db7bf1bfc524722', 'Empleado', 3, '2017-06-11 00:00:00', ''),
	(357, 611201509, '611201509', 'b658c3302560d926a97bb374b27a6843', 'Empleado', 3, '2017-06-11 00:00:00', ''),
	(358, 611201510, '611201510', 'cfcd208495d565ef66e7dff9f98764da', 'Empleado', 3, '2017-06-11 00:00:00', ''),
	(359, 611201511, '611201511', 'bfd8cf1b0e1a33a514da1d75bdd65c40', 'Empleado', 3, '2017-06-11 00:00:00', ''),
	(360, 611201512, '611201512', '90e1855c7b775d5f74ab8586a760aeb2', 'Empleado', 3, '2017-06-11 00:00:00', ''),
	(361, 611201513, '611201513', '7556cedab6bb5cd35f8ed856d4729a26', 'Empleado', 3, '2017-06-11 00:00:00', ''),
	(362, 611201514, '611201514', '4c413696688b535485727d542b78bc1b', 'Empleado', 3, '2017-06-11 00:00:00', ''),
	(363, 611201206, '611201206', '8e3ca63f1c98666d9d8ba6538e733970', 'Empleado', 3, '2017-06-11 00:00:00', ''),
	(364, 611201516, '611201516', '85087fa5f520c9f4d354ae159e17a4f4', 'Empleado', 3, '2017-06-11 00:00:00', ''),
	(365, 611201518, '611201518', 'dc02e7be19ca919ba8e1a1fb254dba3e', 'Empleado', 3, '2017-06-11 00:00:00', ''),
	(366, 611201519, '611201519', '338dafb7f9dc1edf0b8f66974701c65c', 'Empleado', 3, '2017-06-11 00:00:00', ''),
	(367, 611201520, '611201520', '36a3e247ce6018f7e34e1bf843bd315f', 'Empleado', 3, '2017-06-11 00:00:00', ''),
	(368, 611201521, '611201521', 'c4cec7718b5b830faa0d2b4512dd6a5a', 'Empleado', 3, '2017-06-11 00:00:00', ''),
	(369, 611202135, '611202135', '3f0162619b25189d367349719067bacb', 'Empleado', 3, '2017-06-11 00:00:00', ''),
	(370, 611202502, '611202502', 'fd8d3335e9da737ddb5689551e1ba651', 'Empleado', 3, '2017-06-11 00:00:00', ''),
	(371, 611202503, '611202503', '39c119b65e3a49070fa8624a76c0aa90', 'Empleado', 3, '2017-06-11 00:00:00', ''),
	(372, 611202504, '611202504', 'a79bc189a64e3611a9c4a23a24e920b0', 'Empleado', 3, '2017-06-11 00:00:00', ''),
	(373, 611203001, '611203001', 'e37f403c4bcb290927acff0688e9379a', 'Empleado', 3, '2017-06-11 00:00:00', ''),
	(374, 611203002, '611203002', '1a03c02c74703687532c0e7c5ae4439a', 'Empleado', 3, '2017-06-11 00:00:00', ''),
	(375, 611203003, '611203003', 'c92f3bfd176d6fd7ab8a003899772b2a', 'Empleado', 3, '2017-06-11 00:00:00', ''),
	(376, 611204502, '611204502', '23fdafe5262074eed5cf860d5f6461ae', 'Empleado', 3, '2017-06-11 00:00:00', '');
/*!40000 ALTER TABLE `usuarios` ENABLE KEYS */;


-- Volcando estructura para procedimiento fundacite_opsu.act_plantel
DELIMITER //
CREATE DEFINER=`root`@`localhost` PROCEDURE `act_plantel`(IN `codigo` INT, IN `opcion` CHAR(1), IN `codzona` INT, IN `descrip` VARCHAR(250), IN `direc` VARCHAR(250), IN `parroq` INT, IN `cedcont` INT, IN `nombrecont` VARCHAR(100), IN `apecont` VARCHAR(100), IN `telefcont` VARCHAR(100), IN `corcont` VARCHAR(100))
BEGIN
	/*GUARDAR*/
	IF opcion='I' then
		INSERT INTO plantel (plant_codzona, plant_descripcion, plant_direccion, plant_parroquia, plant_contact_cedula, plant_contact_nombre, plant_contact_apellido, plant_contact_telefono, plant_contact_correo) values (codzona,descrip, direc, parroq, cedcont, nombrecont, apecont, telefcont, corcont);
	end if;
	/*FIn GUARDAR*/
	/*MODIFICAR*/
		IF opcion='U' then
		update plantel set plant_codzona=codzona, plant_descripcion=descrip, plant_direccion=direc, plant_parroquia=parroq, plant_contact_cedula=cedcont, plant_contact_nombre=nombrecont, plant_contact_apellido=apecont, plant_contact_telefono=telefcont, plant_contact_correo=corcont where plant_codigo=codigo;
	end if;
	/*FIN MODIFICAR*/
	/*BORRAR*/
		if opcion='D' then
		delete from plantel where plant_codigo=codigo;
		end if;
	/*FIN BORRAR*/
END//
DELIMITER ;


-- Volcando estructura para procedimiento fundacite_opsu.act_renuncia
DELIMITER //
CREATE DEFINER=`root`@`localhost` PROCEDURE `act_renuncia`(IN `codigo` INT, IN `opcion` CHAR(1), IN `codplan` INT, IN `ced` INT, IN `nom` VARCHAR(100), IN `ape` VARCHAR(100), IN `nacional` INT, IN `anual` INT, IN `univ` VARCHAR(300), IN `carre` VARCHAR(300), IN `motivo` VARCHAR(300), IN `fecha` DATE, IN `cedrec` INT, IN `nomrec` VARCHAR(100), IN `aperec` VARCHAR(100), IN `estatus` INT)
BEGIN
	/*GUARDAR*/
	if opcion = 'I' then
		insert into renuncia (ren_fecreg, ren_plancodigo,ren_cedula, ren_nombre, ren_apellido, ren_nacional, ren_anual, ren_universidad, ren_carrera, ren_motivo, ren_fecha, ren_recepced, ren_recepnom, ren_recepape, ren_status) values (current_date, codplan, ced, nom, ape, nacional, anual, univ, carre, motivo, fecha, cedrec, nomrec, aperec, estatus);
	end if;
	/*FIN GUARDAR*/
	/*EDITAR*/
		if opcion = 'U' then
		update renuncia set ren_plancodigo=codplan,ren_cedula=ced, ren_nombre=nom, ren_apellido=ape, ren_nacional=nacional, ren_anual=anual, ren_universidad=univ, ren_carrera=carre, ren_motivo=motivo, ren_fecha=fecha, ren_recepced=cedrec, ren_recepnom=nomrec, ren_recepape=aperec, ren_status=estatus where ren_codigo=codigo;
		end if;
	/*FIN EDITAR*/
	/*ELIMINAR*/
		if opcion = 'D' then
	DELETE FROM renuncia where ren_codigo=codigo;
	end if;
	/*FIN ELIMINAR*/
END//
DELIMITER ;


-- Volcando estructura para procedimiento fundacite_opsu.act_rsni
DELIMITER //
CREATE DEFINER=`root`@`localhost` PROCEDURE `act_rsni`(IN `codigo` INT, IN `opcion` CHAR(1), IN `ced` INT, IN `nom` VARCHAR(100), IN `ape` VARCHAR(100), IN `caso` INT, IN `correo` VARCHAR(100), IN `telef` VARCHAR(100), IN `fecha` DATE, IN `consigplan` INT, IN `consigced` INT, IN `nomrecep` VARCHAR(100), IN `aperecep` VARCHAR(100), IN `cedrececp` INT, IN `estrecep` INT, IN `estatus` INT)
BEGIN
	/*GUARDAR*/
	IF opcion='I' then
		INSERT INTO rsni (reg_fecreg, reg_cedula, reg_nombres, reg_apellidos, reg_caso, reg_correo, reg_telefono, reg_fechaexp, reg_consigplan, reg_consigced, reg_recpnombre, reg_recepapellido, reg_recepcedula, reg_recepestado, reg_status) values (current_date,ced, nom, ape, caso, correo, telef, fecha, consigplan, consigced, nomrecep, aperecep, cedrecep, estrecep, estatus);
	end if;
	/*FIN GUARDAR*/
	/*MODIFICAR*/
	IF opcion ='U' then
		update rsni set reg_cedula=ced, reg_nombres=nom, reg_apellidos=ape, reg_caso=caso, reg_correo=correo, reg_telefono=telef, reg_fechaexp=fecha, reg_consigplan=consigplan, reg_consigced=consigced, reg_recpnombre=nomrecep, reg_recepapellido=aperecep, reg_recepcedula=cedrecep, reg_recepestado=estrecep, reg_status=estatus where reg_codigo=codigo;
	end if;
	/**/
	/*ELIMINAR*/
	IF opcion ='D' then
		delete from rsni where reg_codigo=codigo;
	end if;
	/*FIN ELIMINAR*/

END//
DELIMITER ;


-- Volcando estructura para procedimiento fundacite_opsu.act_usuarios
DELIMITER //
CREATE DEFINER=`root`@`localhost` PROCEDURE `act_usuarios`(IN `codigo` INT, IN `opcion` CHAR(1), IN `ced` INT, IN `usu` VARCHAR(20), IN `contra` VARCHAR(250), IN `tipo` VARCHAR(20), IN `niv` INT, IN `observ` VARCHAR(200))
BEGIN
	/*GUARDAR*/
	if opcion='I' then
		INSERT INTO usuarios (Cedula, Usuario, contrasena, Tipo, Nivel, Fecha, Observacion) values (ced, usu, md5(contra), tipo, niv, current_date,observ);
	end if;
	/*FIN GUARDAR*/
	/*MODIFICAR*/
	if opcion='U' then
		update usuarios set Cedula=ced, Usuario=usu, contrasena=contra, Tipo=tipo, Nivel=niv,Observacion=observ where id=codigo;
	end if;
	/*FIN MODIFICAR*/
	/*ELIMINAR*/
	if opcion ='D' then
		delete from usuarios where id=codigo;
	end if;
	/*FIN ELIMINAR*/
END//
DELIMITER ;
/*!40101 SET SQL_MODE=IFNULL(@OLD_SQL_MODE, '') */;
/*!40014 SET FOREIGN_KEY_CHECKS=IF(@OLD_FOREIGN_KEY_CHECKS IS NULL, 1, @OLD_FOREIGN_KEY_CHECKS) */;
/*!40101 SET CHARACTER_SET_CLIENT=@OLD_CHARACTER_SET_CLIENT */;
